Plot,Scientific_name,Elevation,Genus,Species,Species_acronimum,N.TREE,WD_g_cm3,Ht2019_m,Sum_BA_2019.m2.,Mean.LBT_mm,Mean.LA_cm2,Mean.SLA_cm2_g,Mean.LDMC_mg_g,Mean.N.por,Mean.P.por,Mean.P.mg.g,Mean.K.mg.g,Mean.Ca.mg.g,Mean.Mg.mg.g,Mean.Fe.mg.g,Mean.Na.mg.g,Mean.Al.mg.g,Mean.Cu.mg.g,Mean.Pb.mg.g,Mean.Mn.mg.g,Mean.As.mg.g
BECL_01,Aegiphila monticola,2313,Aegiphila,monticola,AEGMON,1,0.656666667,18.86884891,0.103906607,0.235083333,285.8568333,202.0326667,637.5221684,NA,NA,NA,NA,NA,NA,NA,NA,NA,NA,NA,NA,NA
BECL_01,Axinaea quitensis,2313,Axinaea,quitensis,AXIQUI,2,0.558994512,18.05162204,1.076343417,0.253961539,52.455,83.89461539,368.3955282,2.255338573,0.0995721,0.995721,4.85268175,6.6689705,1.13107625,0.06442725,0.072025,3.061483,0.0074035,0.002059,0.252621,-0.00085225
BECL_01,Croton floccosus,2313,Croton,floccosus,CROFLO,3,0.510402667,20.52189776,1.210907252,0.329615385,72.66674359,107.9552693,276.1119577,1.823333333,0.164259984,1.642599834,16.6762715,15.74479767,3.622906667,0.144607167,0.598127167,0.2002725,0.015950167,0.001381667,0.142711667,0.001907667
BECL_01,Guarea kunthiana,2313,Guarea,kunthiana,GUAKUN,2,0.616166667,8.172001543,0.005608528,0.368833334,355.5244231,64.33087821,361.2692036,NA,NA,NA,NA,NA,NA,NA,NA,NA,NA,NA,NA,NA
BECL_01,Hedyosmum cuatrecazanum,2313,Hedyosmum,cuatrecazanum,HEDCUA,4,0.45,10.39817736,0.026939942,0.324541667,51.79144375,162.3055796,124.3876639,NA,NA,NA,NA,NA,NA,NA,NA,NA,NA,NA,NA,NA
BECL_01,Meriania maxima,2313,Meriania,maxima,MERMAX,1,0.49,17.38457843,0.04720243,0.315230769,122.2387692,143.3914615,193.1626228,NA,NA,NA,NA,NA,NA,NA,NA,NA,NA,NA,NA,NA
BECL_01,Miconia clathrantha,2313,Miconia,clathrantha,MICCLA,3,0.629222222,15.70081261,1.945059759,0.247948718,74.49579486,139.4778886,264.319283,2.97,0.132899884,1.328998834,9.702424332,30.825376,2.361673834,0.188261667,0.5111465,21.47067834,0.021019167,0.00080675,0.1238515,0.002705
BECL_01,Miconia theaezans,2313,Miconia,theaezans,MICTHE,3,0.629222222,15.95652035,0.832829145,0.211882479,48.42272008,179.7794133,225.1622484,2.454444444,0.160716367,1.607163667,15.11278645,40.81648389,2.287922889,0.180584889,0.660639445,23.89350489,0.038625444,NA,0.164949,0.002372667
BECL_01,Nectandra subbullata,2313,Nectandra,subbullata,NECSUB,2,0.562449275,17.8615806,0.21395424,0.323253205,122.4278686,62.91605769,424.5063485,NA,NA,NA,NA,NA,NA,NA,NA,NA,NA,NA,NA,NA
BECL_01,Sapium stylare,2313,Sapium,stylare,SAPSTY,3,0.47,19.10231079,0.222727923,0.351384616,48.57879487,60.33564103,344.3683751,1.738227213,0.086990433,0.869904333,4.804248333,10.46384933,1.273475667,0.0397655,0.155905167,0.025422333,0.005744667,-0.000535333,0.032438,-8.37E-05
BECL_01,Saurauia prainiana,2313,Saurauia,prainiana,SAUPRA,2,0.4106,9.878732591,0.058421842,0.331307692,161.1574616,134.8829616,197.2029076,NA,NA,NA,NA,NA,NA,NA,NA,NA,NA,NA,NA,NA
BECL_01,Saurauia tomentosa,2313,Saurauia,tomentosa,SAUTOM,3,0.4106,12.13853043,0.237734526,0.299214286,261.0219743,128.5635057,199.2859295,2.586666667,0.2315109,2.315109,13.951346,39.929592,10.20652367,0.167819667,0.413772333,0.608069,0.028699,0.0016105,0.039705667,0.001
BECL_01,Weinmannia balbisiana,2313,Weinmannia,balbisiana,WEIBAL,3,0.611854167,12.21514241,0.13994303,0.299051282,27.94651282,128.4885128,309.1666143,NA,NA,NA,NA,NA,NA,NA,NA,NA,NA,NA,NA,NA
BECL_03,Aegiphila aculeifera,2203,Aegiphila,aculeifera,AEGACU,1,0.656666667,12.68747598,0.021903969,0.239846154,135.1456154,219.5671538,193.655864,NA,NA,NA,NA,NA,NA,NA,NA,NA,NA,NA,NA,NA
BECL_03,Aegiphila lopez-palacii var. pubescens,2203,Aegiphila,lopez-palacii var. pubescens,AEGLOP,2,0.656666667,7.771728938,0.063861511,0.342114286,203.5831715,312.3089286,298.6287368,NA,NA,NA,NA,NA,NA,NA,NA,NA,NA,NA,NA,NA
BECL_03,Critoniopsis occidentalis,2203,Critoniopsis,occidentalis,CRIOCC,2,0.540542185,12.08765119,0.037097497,0.247115385,121.8899231,162.4991154,215.1701429,NA,NA,NA,NA,NA,NA,NA,NA,NA,NA,NA,NA,NA
BECL_03,Croton floccosus,2203,Croton,floccosus,CROFLO,3,0.510402667,26.59656707,2.16493119,0.322692308,88.26894872,111.6391108,303.389105,1.872198636,0.171771983,1.717719833,23.86600983,15.05660328,3.774100833,0.163252056,1.147405278,1.103516833,0.017503389,-0.0041235,0.054545056,0.000976833
BECL_03,Graffenrieda 1inECPI_BECL_03,2203,Graffenrieda,1inECPI_BECL_03,GRA1,1,0.540542185,5.067232736,0.008574191,0.288923077,174.8882308,100.3403077,457.5094115,NA,NA,NA,NA,NA,NA,NA,NA,NA,NA,NA,NA,NA
BECL_03,Guarea kunthiana,2203,Guarea,kunthiana,GUAKUN,1,0.616166667,10.68751676,0.058582849,0.388846154,319.1512308,64.03676923,310.687677,NA,NA,NA,NA,NA,NA,NA,NA,NA,NA,NA,NA,NA
BECL_03,Meriania maxima,2203,Meriania,maxima,MERMAX,3,0.49,19.28351463,0.262805221,0.315959707,194.5495128,114.9380509,257.1863999,1.978826598,0.129117278,1.291172778,11.88157,14.88041222,2.259206778,0.135717611,0.183277833,14.44644189,0.010976167,0.00655775,0.191623056,-0.001215278
BECL_03,Miconia theaezans,2203,Miconia,theaezans,MICTHE,3,0.629222222,6.47883065,0.428677388,0.266641026,74.9264359,141.7861014,234.1758463,2.049217561,0.077656433,0.776564333,6.955657833,18.52101383,0.999850833,0.071469833,0.098492,17.51362633,0.004759667,0.009302167,0.102647,-0.002884333
BECL_03,Nectandra acutifolia,2203,Nectandra,acutifolia,NECACU,1,0.562449275,4.554908584,0.004417865,0.227307692,54.18,107.0579231,389.5927053,NA,NA,NA,NA,NA,NA,NA,NA,NA,NA,NA,NA,NA
BECL_03,Nectandra subbullata,2203,Nectandra,subbullata,NECSUB,3,0.562449275,14.77622953,0.357819549,0.26545584,183.4140969,76.96021709,354.03764,2.312869711,0.080975917,0.809759167,11.40442517,6.740062667,1.478709333,0.079021167,1.5392795,0.967532,0.0091365,-0.002258833,0.0382225,-0.000779
BECL_03,Ocotea floribunda,2203,Ocotea,floribunda,OCOFLO,1,0.3954,3.725267315,0.003318307,0.260307692,94.94038462,97.93169231,514.8701423,NA,NA,NA,NA,NA,NA,NA,NA,NA,NA,NA,NA,NA
BECL_03,Sapium stylare,2203,Sapium,stylare,SAPSTY,3,0.47,18.8306391,0.1788116,0.304615384,66.83279487,83.7634621,326.7844628,2.00023541,0.145046217,1.450462167,15.84164783,8.7136855,2.0069675,0.067950333,0.109538333,0.043105,0.005306667,-0.000104833,0.024589833,-0.0006175
BECL_03,Saurauia tomentosa,2203,Saurauia,tomentosa,SAUTOM,3,0.4106,17.45281508,0.630693574,0.488622711,333.4712051,125.6384463,179.8692071,2.120018692,0.184692467,1.846924667,45.22107094,19.02151772,3.395838333,0.424431278,1.751802722,1.150614611,0.011886889,-0.0017085,0.062146111,0.0001775
BECL_03,Tetrorchidium andinum,2203,Tetrorchidium,andinum,TETAND,1,NA,NA,0.114751385,0.289461538,137.7492308,119.7452575,222.1827617,2.033333333,0.151138733,1.511387333,22.405635,17.421409,4.052881667,0.153513667,0.249552333,1.097598,0.017017667,NA,0.124984667,NA
BECL_03,Trichilia primogenita,2203,Trichilia,primogenita,TRIPRI,1,0.644092949,28.6602464,0.507693939,0.234692308,94.72107692,165.6557394,202.2342934,3.00780104,0.26275355,2.6275355,37.2562495,2.771007,2.0973215,0.0624405,0.117242,0.050772,0.0088665,9.50E-05,0.0195735,-0.0005925
CEDR_01,Axinaea quitensis,2492,Axinaea,quitensis,AXIQUI,3,0.537570845,11.76290644,0.554650539,0.246564103,34.20438461,95.67084617,374.6249419,2.170423588,0.106380517,1.063805167,10.13937,6.559721833,1.4145725,0.118195,0.095296333,5.410458833,0.005758667,0.002634167,0.238815,-0.001316667
CEDR_01,Chrysochlamys colombiana,2492,Chrysochlamys,colombiana,CHRCOL,4,NA,NA,0.027807022,0.390489178,21.95981575,158.5335147,152.6432158,NA,NA,NA,NA,NA,NA,NA,NA,NA,NA,NA,NA,NA
CEDR_01,Clusia alata,2492,Clusia,alata,CLUALA,4,0.56,10.54805878,0.167149225,0.523445833,312.1023,83.3263375,225.5010436,NA,NA,NA,NA,NA,NA,NA,NA,NA,NA,NA,NA,NA
CEDR_01,Clusia multiflora,2492,Clusia,multiflora,CLUMUL,3,0.676428571,16.53408037,0.319254928,0.498589744,54.28192308,101.4185128,274.7872248,NA,NA,NA,NA,NA,NA,NA,NA,NA,NA,NA,NA,NA
CEDR_01,Cornus peruviana,2492,Cornus,peruviana,CORPER,3,0.56,17.24739043,0.682803173,0.236968254,20.57525641,126.0889658,283.4293454,NA,NA,NA,NA,NA,NA,NA,NA,NA,NA,NA,NA,NA
CEDR_01,Guarea kunthiana,2492,Guarea,kunthiana,GUAKUN,3,0.616166667,10.70751871,0.361701771,0.373682984,233.130965,103.293338,219.5847253,NA,NA,NA,NA,NA,NA,NA,NA,NA,NA,NA,NA,NA
CEDR_01,Hedyosmum cuatrecazanum,2492,Hedyosmum,cuatrecazanum,HEDCUA,3,0.45,16.43625555,0.234238719,0.485175213,38.26347436,159.4039188,135.7611766,NA,NA,NA,NA,NA,NA,NA,NA,NA,NA,NA,NA,NA
CEDR_01,Hieronyma macrocarpa,2492,Hieronyma,macrocarpa,HIEMAC,3,0.537570845,13.72818567,0.821589311,0.414538461,87.3995641,93.61120512,239.6786033,1.607695973,0.10676635,1.0676635,20.6334225,6.232091,3.1847145,0.088367,0.141044333,0.570671833,0.005703667,0.0006675,0.195003833,-0.000372667
CEDR_01,Meliosma arenosa,2492,Meliosma,arenosa,MELARE,3,0.478893939,12.16462287,0.289448282,0.486489744,91.08784103,44.19344615,449.3665575,1.160566592,0.090758825,0.90758825,19.93028325,6.91677,1.94389625,0.062319,2.40887575,2.016508,0.004533,-0.00351675,0.1548505,-0.00074675
CEDR_01,Meriania maxima,2492,Meriania,maxima,MERMAX,3,0.49,13.47392661,0.475970138,0.244023504,141.6491859,182.6042628,193.3944962,3.153171766,0.173702767,1.737027667,34.3612835,13.98812183,2.358407,0.12435,0.119736833,15.83811,0.006784833,0.008774333,0.6280085,-0.002724667
CEDR_01,Meriania tomentosa,2492,Meriania,tomentosa,MERTOM,1,0.49,9.790239705,0.660980883,0.4244,100.649,79.9355,366.1353087,NA,NA,NA,NA,NA,NA,NA,NA,NA,NA,NA,NA,NA
CEDR_01,Miconia clathrantha,2492,Miconia,clathrantha,MICCLA,3,0.629222222,11.21653941,0.347581097,0.294115385,56.78051496,131.3494401,196.7320543,NA,NA,NA,NA,NA,NA,NA,NA,NA,NA,NA,NA,NA
CEDR_01,Sapium stylare,2492,Sapium,stylare,SAPSTY,3,0.47,11.66732911,0.563749375,0.304025641,54.34044444,82.21563889,369.5051207,1.916914485,0.124157433,1.241574333,12.460322,12.65049667,2.689994667,0.085010167,2.1833665,1.104499,0.004833,-0.002928333,0.056149333,-0.0009475
CEDR_01,Saurauia tomentosa,2492,Saurauia,tomentosa,SAUTOM,3,0.4106,14.79182527,0.058129674,0.555466667,163.6669576,147.8611172,187.7433853,NA,NA,NA,NA,NA,NA,NA,NA,NA,NA,NA,NA,NA
CEDR_01,Turpinia occidentalis,2492,Turpinia,occidentalis,TUROCC,3,0.335,14.2751239,0.247155378,0.308168803,76.89664957,146.5571282,257.1064646,2.597314324,0.197676167,1.976761667,27.38554033,11.38678367,2.4390785,0.087866167,0.130715167,0.516679333,0.0059675,0.001622833,0.016900833,-0.0003865
CEDR_01,Verbesina arborea,2492,Verbesina,arborea,VERARB,2,0.537570845,5.855012085,0.014751348,0.445538462,341.9853846,348.1973846,154.6131636,NA,NA,NA,NA,NA,NA,NA,NA,NA,NA,NA,NA,NA
CEDR_01,Weinmannia balbisiana,2492,Weinmannia,balbisiana,WEIBAL,3,0.611854167,16.77226586,0.64412781,0.36057265,29.6502906,101.6829701,439.9609708,NA,NA,NA,NA,NA,NA,NA,NA,NA,NA,NA,NA,NA
CEDR_01,Weinmannia pinnata,2492,Weinmannia,pinnata,WEIPIN,2,0.611854167,18.49879505,2.366427444,0.226678572,43.59652244,253.1172981,404.9478109,1.385779396,0.0908222,0.908222,8.47757,6.28938025,2.04962925,0.05561725,0.367487,0.09797575,0.00338125,0.0003305,0.1255035,-0.00022375
CEDR_03,Alchornea glandulosa,2212,Alchornea,glandulosa,ALCGLA,3,0.378,14.37609335,0.367971605,0.274666667,43.85707692,224.0517949,236.3151652,NA,NA,NA,NA,NA,NA,NA,NA,NA,NA,NA,NA,NA
CEDR_03,Beilschmiedia tovarensis,2212,Beilschmiedia,tovarensis,BEITOV,3,0.563114975,7.950219866,0.471564053,0.23902381,141.9048205,104.8260217,436.3190566,2.82,0.084772517,0.847725167,9.204226167,3.6415745,2.081520167,0.048119667,0.200517333,0.234306,0.024438333,0.004361167,0.046208833,NA
CEDR_03,Billia rosea,2212,Billia,rosea,BILROS,1,0.69,11.59795106,0.488615048,0.181538462,82.41969231,129.6855842,132.6315394,NA,NA,NA,NA,NA,NA,NA,NA,NA,NA,NA,NA,NA
CEDR_03,Blakea rotundifolia,2212,Blakea,rotundifolia,BLAROT,3,0.71,15.52509596,0.492198033,0.495942857,341.8329857,57.29604762,306.3165163,1.345780122,0.06396995,0.6396995,4.565205667,5.684708,2.300169,0.054383,0.094724667,0.22264,0.005691667,0.0001615,0.016676333,0.000347333
CEDR_03,Chrysochlamys colombiana,2212,Chrysochlamys,colombiana,CHRCOL,3,0.43,14.2313106,1.923994594,0.410376984,30.92526496,130.7173988,181.6693786,NA,NA,NA,NA,NA,NA,NA,NA,NA,NA,NA,NA,NA
CEDR_03,Clusia alata,2212,Clusia,alata,CLUALA,3,0.56,7.109810133,0.002375829,0.495846154,215.216359,91.82351282,200.3326607,NA,NA,NA,NA,NA,NA,NA,NA,NA,NA,NA,NA,NA
CEDR_03,Critoniopsis occidentalis,2212,Critoniopsis,occidentalis,CRIOCC,3,0.544451525,16.02409269,0.842978844,0.187089744,161.7480692,206.9750643,200.5643491,NA,NA,NA,NA,NA,NA,NA,NA,NA,NA,NA,NA,NA
CEDR_03,Croton floccosus,2212,Croton,floccosus,CROFLO,2,NA,NA,0.112815378,0.325090909,91.6232841,324.7210228,187.337637,NA,NA,NA,NA,NA,NA,NA,NA,NA,NA,NA,NA,NA
CEDR_03,Ficus dulciaria,2212,Ficus,dulciaria,FICDUL,3,0.405534662,8.431072795,0.799714402,0.388974359,105.967,126.0165641,252.9392317,2.277413479,0.110206825,1.10206825,10.0615885,10.06964,2.440467,0.078679,1.54054075,0.94432925,0.0080595,-0.00404675,0.03508125,-0.000577
CEDR_03,Gordonia fruticosa,2212,Gordonia,fruticosa,GORFRU,3,0.5185,18.84740548,0.662303495,0.308617521,29.35359615,121.5673578,297.3445027,NA,NA,NA,NA,NA,NA,NA,NA,NA,NA,NA,NA,NA
CEDR_03,Guarea kunthiana,2212,Guarea,kunthiana,GUAKUN,3,0.616166667,11.60465671,0.047147452,0.362597436,301.1680436,88.57978975,317.996524,NA,NA,NA,NA,NA,NA,NA,NA,NA,NA,NA,NA,NA
CEDR_03,Meriania tomentosa,2212,Meriania,tomentosa,MERTOM,3,0.49,10.83917123,0.078147118,0.33423051,64.93942631,208.9185364,123.5756201,NA,NA,NA,NA,NA,NA,NA,NA,NA,NA,NA,NA,NA
CEDR_03,Miconia clathrantha,2212,Miconia,clathrantha,MICCLA,1,0.629222222,NA,0.319253359,0.2365,49.06633333,179.5469167,180.7124832,NA,NA,NA,NA,NA,NA,NA,NA,NA,NA,NA,NA,NA
CEDR_03,Miconia theaezans,2212,Miconia,theaezans,MICTHE,3,0.629222222,9.989195538,0.065176266,0.21641453,35.38112607,245.7466303,196.5596002,NA,NA,NA,NA,NA,NA,NA,NA,NA,NA,NA,NA,NA
CEDR_03,Morus insignis,2212,Morus,insignis,MORINS,3,0.591486111,12.78620621,0.787792843,0.290605617,255.6342195,196.2218748,169.6941152,2.988333334,0.083817167,0.838171667,9.575272335,7.9210965,3.0870635,0.085751167,0.076036833,0.030752833,0.005829333,0.0044925,0.205906667,0.000653
CEDR_03,Nectandra subbullata,2212,Nectandra,subbullata,NECSUB,3,0.562449275,15.61030775,1.250437915,0.236461538,207.3694102,121.4782057,300.0398085,3.503333333,0.0489409,0.489409,5.309852,11.692809,2.257117667,0.080986333,0.106539,0.277456,0.020288,0.002943333,0.112913,NA
CEDR_03,Palicourea amethystina,2212,Palicourea,amethystina,PALAME,3,0.55,14.5612999,0.278744092,0.268040598,61.43221367,241.9508505,152.5573753,NA,NA,NA,NA,NA,NA,NA,NA,NA,NA,NA,NA,NA
CEDR_03,Palicourea andrei,2212,Palicourea,andrei,PALAND,4,0.55,13.63903674,0.113462546,0.300712393,109.5071158,322.6552237,130.6135439,NA,NA,NA,NA,NA,NA,NA,NA,NA,NA,NA,NA,NA
CEDR_03,Weinmannia balbisiana,2212,Weinmannia,balbisiana,WEIBAL,3,0.611854167,10.65361351,0.238820732,0.25197619,31.76461539,194.49,271.3116895,NA,NA,NA,NA,NA,NA,NA,NA,NA,NA,NA,NA,NA
INTI_01,Aegiphila cf.lopez-palacii var. pubescens,1879,Aegiphila,cf.lopez-palacii var. pubescens,AEGLOP,2,0.656666667,19.02887079,0.131894269,0.271785715,276.6198661,223.762625,132.1112152,NA,NA,NA,NA,NA,NA,NA,NA,NA,NA,NA,NA,NA
INTI_01,Cecropia bullata,1879,Cecropia,bullata,CECBUL,2,0.339835034,20.8140044,0.17125607,0.519421429,2048.840522,112.2349715,201.5754239,2.079945685,0.1118874,1.118874,21.57934625,8.97687625,2.1657425,0.10151825,0.0892305,0.07710825,0.0059245,0.0013335,0.02413925,-0.00059
INTI_01,Cinchona pubescens,1879,Cinchona,pubescens,CINPUB,3,0.54,16.26252091,0.397462522,0.249851852,444.6659722,299.8435,98.01875558,3.268552856,0.167003533,1.670035333,17.38760983,4.136159333,1.590822667,0.13023,0.1158875,0.205509667,0.016106,-0.000177333,0.034238,0.000286167
INTI_01,Cordia 1inECPI_INTI_01,1879,Cordia,1inECPI_INTI_01,CORIND,3,0.542470421,12.78130828,0.618326697,0.330472528,92.18367947,128.5249338,144.5831917,2.021339524,0.097998417,0.979984167,17.85211017,20.31930367,3.840337833,0.0664375,0.11059,0.140246,0.010803667,-0.000876167,0.037346333,-0.000456333
INTI_01,Critoniopsis occidentalis,1879,Critoniopsis,occidentalis,CRIOCC,3,0.419776738,12.88186505,0.184914144,0.158282051,211.3049487,479.1604615,190.8294977,2.689161502,0.127250967,1.272509667,25.8785645,10.79997383,3.504184333,0.148245,0.091640833,0.105356833,0.011905,0.000281333,0.0628065,-0.000226667
INTI_01,Dendropanax macrophyllus,1879,Dendropanax,macrophyllus,DENMAC,3,0.419833333,18.75268924,0.472819119,0.290424242,189.0579464,119.6818135,224.7919058,2.265045227,0.144596,1.44596,28.72092767,17.29787383,3.905095167,0.083306667,0.111423333,0.072155833,0.009425167,-0.000549,0.0635885,-0.000270667
INTI_01,Elaeagia utilis,1879,Elaeagia,utilis,ELAUTI,3,0.419776738,8.732382314,0.343054063,0.248554843,421.1766332,150.6323348,215.8787646,1.809919952,0.104613417,1.046134167,16.0253295,5.493092667,1.874218167,0.1105645,0.0889575,0.170293833,0.007818833,0.000839833,0.043269667,-0.000374333
INTI_01,Hedyosmum cuatrecazanum,1879,Hedyosmum,cuatrecazanum,HEDCUA,1,0.45,13.97926078,0.155549676,0.453583333,42.8155,238.0493333,107.5320727,NA,NA,NA,NA,NA,NA,NA,NA,NA,NA,NA,NA,NA
INTI_01,Inga alatocarpa,1879,Inga,alatocarpa,INGALA,3,0.578086944,17.79385483,0.775690641,0.311410714,95.83332051,109.3693387,302.5056512,2.467309762,0.119363483,1.193634833,9.080996,7.858548,0.882866833,0.081417833,0.059550667,0.046067,0.013616167,0.0010035,0.038657,-0.0003005
INTI_01,Meriania maxima,1879,Meriania,maxima,MERMAX,1,0.49,10.1021543,0.096062835,0.250692308,203.9978462,142.3263077,244.7370099,NA,NA,NA,NA,NA,NA,NA,NA,NA,NA,NA,NA,NA
INTI_01,Miconia clathrantha,1879,Miconia,clathrantha,MICCLA,1,0.629222222,18.58812287,0.05473911,0.304076923,111.3358462,86.61969231,344.2215995,NA,NA,NA,NA,NA,NA,NA,NA,NA,NA,NA,NA,NA
INTI_01,Morus insignis,1879,Morus,insignis,MORINS,3,0.591486111,16.3983941,0.479450236,0.325333333,383.7216154,362.4087692,197.3643857,2.633724177,0.153240967,1.532409667,25.44146983,22.18906417,2.873921333,0.0561225,0.074773167,0.031105167,0.003903167,0.000533833,0.067632333,-7.63E-05
INTI_01,Nectandra subbullata,1879,Nectandra,subbullata,NECSUB,3,0.562449275,13.8436143,1.343760496,0.214923077,189.1415812,107.7382201,310.5738066,2.720501342,0.095197867,0.951978667,7.963709167,5.117730833,1.332691833,0.041970333,0.091524833,0.171957167,0.012774,0.001293167,0.015595,-0.000646833
INTI_01,Ocotea pichinchensis,1879,Ocotea,pichinchensis,OCOPIC,3,0.539081638,20.12580085,1.992644676,0.207564102,105.3203333,169.627641,279.0780261,2.409065926,0.153977167,1.539771667,14.06489417,3.035542,1.055040333,0.043818833,1.27314,0.630638667,0.012670833,-0.004484,0.015012167,-0.000187
INTI_01,Palicourea demissa,1879,Palicourea,demissa,PALDEM,1,0.55,7.794710327,0.037044876,0.226333333,104.3318889,454.6225556,125.1407357,NA,NA,NA,NA,NA,NA,NA,NA,NA,NA,NA,NA,NA
INTI_01,Pittoniotis rotata,1879,Pittoniotis,rotata,PITROT,2,0.419776738,20.12890019,0.156176425,0.238076923,17.89680769,274.4505755,240.4103111,1.276666667,0.458656786,6.879851782,47.6947535,74.08869225,9.9970225,0.559868,0.94776825,36.96914,0.04892925,0.0009935,0.7144405,NA
INTI_01,Sapium laurifolium,1879,Sapium,laurifolium,SAPLAU,3,0.419269608,10.10590273,0.333224021,0.257186813,155.0831795,131.9857692,230.9374117,2.091029952,0.155605617,1.556056167,15.0785395,19.80812133,3.179477833,0.054608833,0.095246667,0.035667833,0.005726833,-9.90E-05,0.036321333,9.48E-05
INTI_01,Saurauia pseudostrigillosa,1879,Saurauia,pseudostrigillosa,SAUPSE,3,0.4106,16.00017939,0.163460992,0.291300699,398.1268578,147.5041725,163.2833216,2.244080825,0.161976483,1.619764833,22.7000945,16.89658767,2.9435395,0.114492667,0.088688667,0.252596,0.010073667,-0.000817333,0.022838333,-0.000147167
INTI_01,Symplocos fuliginosa,1879,Symplocos,fuliginosa,SYMFUL,1,0.533541667,27.71696228,0.346364517,0.350461538,163.8343846,81.31292308,288.8132339,1.694142109,0.06844705,0.6844705,11.9237395,9.6899155,1.5156475,0.053657,0.057423,3.3692215,0.005724,0.001449,0.038338,-0.0011935
INTI_01,Tovomita croatii,1879,Tovomita,croatii,TOVCRO,3,0.695,8.476410161,0.06855662,0.27574359,373.5974103,180.8386923,159.8879176,1.769922596,0.072470833,0.724708333,5.653961667,12.388485,2.0849485,0.080090667,0.098682333,0.160657667,0.0083895,0.000469833,0.268306333,-3.33E-05
INTI_02,Aegiphila cf.lopez-palacii var. pubescens,1829,Aegiphila,cf.lopez-palacii var. pubescens,AEGLOP,3,0.656666667,13.12801099,0.078587726,0.268818881,271.5568088,384.4513708,84.75683419,1.314444444,0.200085218,2.000852177,33.44086756,19.03979478,4.122037222,0.240248889,0.272790445,0.580226111,0.023840889,0.001463667,0.080490889,0.001328333
INTI_02,Aiouea palaciosii,1829,Aiouea,palaciosii,AIOPAL,3,0.37,10.43042599,0.126718495,0.21873841,154.0680081,178.3804777,259.0747712,0.465555556,0.071444365,0.714443646,11.347814,13.24540567,3.503697556,0.149153444,0.229040556,4.470279889,0.009996167,0.000882333,0.147755,0.001385889
INTI_02,Bunchosia argentea,1829,Bunchosia,argentea,BUNARG,3,0.65,15.93870514,0.134039977,0.237425213,82.25927564,160.2335257,240.2912515,1.908888889,0.110498033,1.26140556,16.51342644,17.95282083,4.233528722,0.138863555,0.277742778,0.734901333,0.017680167,0.000905056,0.211746611,0.001542333
INTI_02,Cinchona pubescens,1829,Cinchona,pubescens,CINPUB,2,0.54,12.92119967,0.129172865,0.224089286,246.0759391,290.8858758,106.8009781,3.486362085,0.179195937,1.791959365,36.92743617,7.449917167,3.382857167,0.197203,0.203442167,0.454680334,0.023190834,0.000450084,0.046598834,0.000112
INTI_02,Critoniopsis occidentalis,1829,Critoniopsis,occidentalis,CRIOCC,3,0.359278275,13.8112279,0.46749255,0.167235043,148.1865684,367.0633393,173.565989,2.187777778,0.280428394,2.804283943,31.01270122,16.65024844,5.165650222,0.333254778,0.317581444,0.458989667,0.022684889,0.000382817,0.093383333,0.004044667
INTI_02,Cuatresia cuspidata,1829,Cuatresia,cuspidata,CUACUS,3,0.359278275,9.156982971,0.072127042,0.288120726,107.6905812,235.8760053,103.7244712,2.922508594,0.1779793,1.779793,58.46374875,10.478909,4.1353265,0.12579775,0.168327,0.11438,0.00966325,0.0005655,0.04006175,-0.0004875
INTI_02,Dussia lehmannii,1829,Dussia,lehmannii,DUSLEH,1,0.59,21.30604106,0.079422604,0.355923077,122.6342308,119.9190769,226.5055385,2.540705009,0.1813964,1.813964,30.0069995,7.874501,3.0427385,0.1348855,0.111225,0.094289,0.00862,0.0014165,0.0244155,-0.0005845
INTI_02,Elaeagia utilis,1829,Elaeagia,utilis,ELAUTI,3,0.359278275,17.6025636,0.853500824,0.224051282,564.7207885,186.6165577,211.0036301,4.571111111,0.064056694,0.640566937,15.28090733,12.342949,3.200799333,0.136151444,0.189416111,0.271927889,0.001812667,0.0015,0.030736778,0.001454834
INTI_02,Ficus brevibracteata,1829,Ficus,brevibracteata,FICBRE,3,0.405534662,16.41202978,0.129295387,0.219025641,121.248641,202.3151194,265.1640307,1.383333333,0.161673496,1.616734955,17.74579422,23.43254122,5.475758222,0.238366111,0.335472667,14.84747756,0.018809889,0.001069334,0.658547778,0.002578667
INTI_02,Ficus cervantesiana,1829,Ficus,cervantesiana,FICCER,1,0.405534662,23.97766058,0.13445781,0.292769231,58.47569231,102.9139748,273.7747905,0.786666667,0.082122846,0.821228464,15.660376,12.80191733,2.168249667,0.104934667,0.172942333,0.092977667,0.003256667,0.000492,0.028608,0.001588
INTI_02,Ficus dulciaria,1829,Ficus,dulciaria,FICDUL,2,0.405534662,16.47955503,0.202660214,0.284846154,81.1485,136.6505005,219.9702061,0.165,0.041568086,0.415680857,13.868242,16.29107034,3.178325667,0.089286333,0.1800745,0.244482834,0.005388833,0.000571667,0.030781,0.001785
INTI_02,Hedyosmum cuatrecazanum,1829,Hedyosmum,cuatrecazanum,HEDCUA,3,0.45,19.71800893,0.127725376,0.372487179,73.81341026,229.2981646,107.3699407,3.306666667,0.171384475,1.944450542,23.98369983,32.69215828,6.111203778,0.272942833,0.815444611,2.742872833,0.016720389,0.002847667,0.147379611,0.0013765
INTI_02,Inga fendleriana,1829,Inga,fendleriana,INGFEN,2,0.578086944,16.28648832,0.30817296,0.173153846,212.5413846,351.874258,304.8997608,3.486666667,0.115907793,1.159077935,14.05312933,6.605277,1.630822333,0.070221667,0.217271333,0.032694667,0.011302333,NA,0.043869,0.001023
INTI_02,Meriania maxima,1829,Meriania,maxima,MERMAX,3,0.49,9.80327838,0.006221139,0.281532051,192.7400556,144.0793056,211.8484308,NA,NA,NA,NA,NA,NA,NA,NA,NA,NA,NA,NA,NA
INTI_02,Miconia clathrantha,1829,Miconia,clathrantha,MICCLA,3,0.629222222,21.7120026,0.084496276,0.288794872,85.48430769,135.2438974,289.5009497,2.443997362,0.10834905,1.0834905,12.321921,16.90204,2.1825115,0.108563,0.133243,5.750092,0.0037245,0.003199,0.0602525,-0.001559
INTI_02,Myrcia fallax,1829,Myrcia,fallax,MYRFAL,3,0.82,15.62347746,0.13696323,0.247461538,98.15343589,108.4767502,346.2759728,2.874444444,0.16099406,1.6099406,12.38760678,19.70147989,4.005559333,0.269620333,0.530184778,9.260656667,0.018121278,0.002808,0.211875889,0.001992444
INTI_02,Nectandra acutifolia,1829,Nectandra,acutifolia,NECACU,3,0.562449275,16.87831318,0.233565632,0.19525,81.38657904,105.2095756,420.7679188,1.39,0.121708348,1.217083484,12.072087,18.11137089,3.615611111,0.175963111,0.211688556,6.771169,0.012561667,0.002107444,0.094509778,0.001767667
INTI_02,Nectandra subbullata,1829,Nectandra,subbullata,NECSUB,3,0.562449275,12.6232545,0.340238411,0.227185897,208.7349231,103.6381593,346.2348367,0.295555556,0.05953232,0.5953232,5.873228111,4.841084445,1.783519778,0.058624889,0.130846222,0.150342111,0.009266,0.001352334,0.019582667,0.003450111
INTI_02,Ocotea cf.heterochroma,1829,Ocotea,cf.heterochroma,OCOHET,1,0.539081638,25.64487173,0.145896348,0.204916667,200.58825,105.8475415,313.3920979,0.656666667,0.197625203,1.976252031,12.16993067,21.26796533,3.388070667,0.114635333,0.181534333,7.204059333,0.017367667,0.006,0.087634667,NA
INTI_02,Ocotea pichinchensis,1829,Ocotea,pichinchensis,OCOPIC,3,0.539081638,17.95000603,0.701375483,0.313527778,92.83309403,123.98642,340.9887056,NA,NA,NA,NA,NA,NA,NA,NA,NA,NA,NA,NA,NA
INTI_02,Palicourea demissa,1829,Palicourea,demissa,PALDEM,3,0.55,12.92119967,0.045956789,0.242397307,115.6588619,290.1871481,165.5204538,NA,NA,NA,NA,NA,NA,NA,NA,NA,NA,NA,NA,NA
INTI_02,Persea pseudofasciculata,1829,Persea,pseudofasciculata,PERPSE,1,0.514030303,21.75233117,0.085012283,0.247692308,157.3734615,83.33753846,390.5979231,1.779528239,0.1247538,1.247538,18.1011885,2.789809,0.939289,0.0383115,0.1007485,0.026409,0.0033255,-0.000161,0.011044,-0.0002575
INTI_02,Sapium laurifolium,1829,Sapium,laurifolium,SAPLAU,3,0.419269608,11.51490442,0.435102729,0.212,163.7777436,325.2134785,159.8777296,2.595555555,0.201992978,2.01992978,17.44689333,13.75595322,3.102463111,0.159624333,0.338454111,3.625737778,0.011428445,0.003143,0.262269333,0.001742222
INTI_02,Saurauia pseudostrigillosa,1829,Saurauia,pseudostrigillosa,SAUPSE,2,0.4106,11.64239846,0.09727549,0.216697116,199.4000096,183.7112597,296.6369297,1.846666667,0.178331079,1.783310783,19.72061967,13.90628333,4.900057333,0.097457833,0.292650834,0.324932,0.013229833,0.001138333,0.0163705,0.001718
MALO_01,Calatola costaricensis,1018,Calatola,costaricensis,CALCOS,3,0.5655,11.39772329,0.308452564,0.214128205,188.8647692,168.0915098,222.1411065,3.998333334,0.203328695,2.03328695,24.9734445,17.938149,3.923225333,0.222588,0.446789833,2.025406667,0.018756,0.002396667,0.208432,0.002
MALO_01,Cecropia gabrielis,1018,Cecropia,gabrielis,CECGAB,3,0.339835034,22.49632475,0.2836222,0.325768687,2587.364778,167.4361651,291.3362706,2.013459959,0.09982055,0.9982055,4.093096833,7.247987333,1.515394333,0.124691,0.331534167,0.113859333,0.013337,0.000652333,0.047870167,-0.000336667
MALO_01,Chrysochlamys dependens,1018,Chrysochlamys,dependens,CHRDEP,3,0.43,15.96326955,0.028352874,0.26,235.7805897,166.0926923,182.4678486,NA,NA,NA,NA,NA,NA,NA,NA,NA,NA,NA,NA,NA
MALO_01,Coussarea latifolia,1018,Coussarea,latifolia,COULAT,3,0.6182,10.58699829,0.308718026,0.291617521,387.5760658,131.4222219,198.2390702,3.787777778,0.231111628,2.779498246,18.97527528,15.33071328,3.239038389,0.312189222,0.5670375,0.405334833,0.064289167,0.036323,0.151104722,0.026040333
MALO_01,Critoniopsis occidentalis,1018,Critoniopsis,occidentalis,CRIOCC,3,0.568419995,10.59093326,0.13449865,0.141750916,171.2083333,316.1525773,188.6158167,1.544888889,0.206999746,2.069997461,24.82906056,32.36326811,3.905025666,0.241587778,0.532155,24.27517333,0.022728667,0.0045,0.244042333,0.002596778
MALO_01,Croton tessmannii,1018,Croton,tessmannii,CROTESS,3,0.39,14.76869337,0.087143068,0.231435897,153.3249231,147.6524506,293.4462901,2.7110898,0.168183567,1.681835667,12.479983,19.1168375,2.879779,0.090013667,0.333400667,0.291829667,0.008863667,0.001051,0.167593833,-0.0013135
MALO_01,Dacryodes cupularis,1018,Dacryodes,cupularis,DACCUP,3,0.568825304,16.41753987,0.148809391,0.210122711,180.466359,119.8941237,355.6895967,2.503333334,0.213820669,2.138206687,31.29235167,15.8172465,3.495789,0.357269,0.3880845,0.372115,0.020881,0.001872334,0.154835334,0.002738334
MALO_01,Dussia lehmannii,1018,Dussia,lehmannii,DUSLEH,1,0.59,25.99310692,0.106940599,0.196461538,112.8521538,346.7303018,243.8436969,2.092848198,0.2493489,2.493489,3.707583,10.2938875,1.0659925,0.046504,-0.0896635,0.0269775,0.0014495,0.0013975,0.0101525,-0.002718
MALO_01,Eschweilera cf.awaensis,1018,Eschweilera,cf.awaensis,ESCAWA,3,0.825263021,13.91060048,0.178708713,0.197299767,693.6370806,112.8275419,386.9414758,1.885555556,0.139718451,1.397184512,16.255,13.96669255,3.055376111,0.165634333,0.233786,0.273665333,0.016370667,0.003063334,0.170884889,0.0021095
MALO_01,Eugenia crassimarginata,1018,Eugenia,crassimarginata,EUGCRA,3,0.722760274,14.70256693,0.108028376,0.2112326,74.43907692,202.0118852,387.6713454,1.357178146,0.05412925,0.5412925,6.012253833,9.847512667,1.330977,0.052459667,0.146512333,3.875129333,0.004158667,0.003309667,0.0340215,-0.003200833
MALO_01,Ficus cf.caldasiana,1018,Ficus,cf.caldasiana,FICCAL,2,0.405534662,16.14801599,0.129844381,0.24325,276.397125,202.7252997,211.688904,2.185472931,0.221977375,2.21977375,21.99552675,8.532551,2.14080475,0.15315175,0.35161275,0.152828,0.05360525,0.02049525,0.0195025,-0.00838625
MALO_01,Guarea kunthiana,1018,Guarea,kunthiana,GUAKUN,3,0.616166667,6.07557829,0.414718505,0.253307692,239.0195128,175.5652509,282.1949688,2.046666667,0.208413957,2.08413957,24.2617305,19.68308617,4.806316333,0.245701334,0.304334833,11.06124683,0.021601667,0.001971834,0.2503185,NA
MALO_01,Guatteria pichinchae,1018,Guatteria,pichinchae,GUAPIC,1,0.577092593,32.72991251,0.200296167,0.209090909,167.8346364,130.8425455,306.9807273,NA,NA,NA,NA,NA,NA,NA,NA,NA,NA,NA,NA,NA
MALO_01,Helicostylis tovarensis,1018,Helicostylis,tovarensis,HELTOV,2,0.668666667,18.76506178,0.090582327,0.161538462,82.11615385,396.3350501,236.1992276,3.498608543,0.145479075,1.45479075,16.704589,8.01925675,1.6181995,0.1881235,0.079052,0.1909175,0.02938075,0.01246225,0.1784405,-0.00492875
MALO_01,Indeterminado 4inECPI_MALO_01,1018,Indeterminado,4inECPI_MALO_01,IND4,1,0.568419995,9.815962256,0.037326833,0.350166667,224.7309167,141.9031667,162.9596664,NA,NA,NA,NA,NA,NA,NA,NA,NA,NA,NA,NA,NA
MALO_01,Licania durifolia,1018,Licania,durifolia,LICDUR,3,0.819962424,29.48085409,0.403707222,0.170833333,173.9441239,135.9203127,344.1605169,0.983333333,0.101413879,1.014138795,17.11555822,12.77597622,2.37075,0.185294333,0.214645444,0.212351222,0.013963778,0.001293889,0.097274556,NA
MALO_01,Miconia 1inECPI_MALO_01,1018,Miconia,1inECPI_MALO_01,MIC1,1,0.629222222,8.534136277,0.005152997,0.192153846,25.04353846,313.4153077,182.733292,NA,NA,NA,NA,NA,NA,NA,NA,NA,NA,NA,NA,NA
MALO_01,Miconia brachycalyx,1018,Miconia,brachycalyx,MICBRACH,2,NA,NA,0.642215367,0.242626374,129.07,143.9229662,346.723039,1.483333333,0.157831654,1.578316535,26.77066267,21.599301,4.735083667,0.169859333,0.280126667,0.531153,0.024548,NA,0.046701667,0.001439333
MALO_01,Miconia theaezans,1018,Miconia,theaezans,MICTHE,3,0.629222222,8.688407585,0.005410608,0.196470862,24.57458508,294.5460979,213.3060646,NA,NA,NA,NA,NA,NA,NA,NA,NA,NA,NA,NA,NA
MALO_01,Naucleopsis capirensis,1018,Naucleopsis,capirensis,NAUCAP,3,0.6505,13.23432454,0.227013057,0.177355311,60.71489744,213.1996175,293.8222808,1.983333333,0.115693914,1.156939143,13.34020111,6.793898778,2.059352778,0.175471667,0.216297222,0.466503667,0.023116444,0.001216333,0.092154444,0.0015
MALO_01,Naucleopsis chiguila,1018,Naucleopsis,chiguila,NAUCHI,1,0.6505,24.42356215,0.090258742,0.20825,168.0621667,261.5938944,338.1150978,2.195456177,0.1349176,1.349176,18.8123535,9.7221585,1.5086845,0.1867865,0.0036535,0.2473315,0.0340105,0.026344,0.033058,-0.009503
MALO_01,Ocotea insularis,1018,Ocotea,insularis,OCOINS,3,0.539081638,16.06319787,0.707413625,0.240769231,103.9642051,105.7160635,326.8926545,1.096666667,0.138928209,1.389282085,10.969391,10.89840533,2.900020667,0.166401667,0.23461,2.832859667,0.026104667,0.001879667,0.997038667,NA
MALO_01,Palicourea demissa,1018,Palicourea,demissa,PALDEM,1,NA,NA,0.022236192,0.316461538,228.8112308,153.663,168.3708705,NA,NA,NA,NA,NA,NA,NA,NA,NA,NA,NA,NA,NA
MALO_01,Protium ecuadorense,1018,Protium,ecuadorense,PROECU,3,0.56821129,11.53957549,0.30741191,0.20074359,274.9921795,154.174711,297.5543648,4.025,0.205211263,2.052112625,19.9359305,10.61865117,1.8300685,0.208845667,1.0799685,0.325130167,0.0263355,0.001661667,0.049904167,0.0013795
MALO_01,Richeria dressleri,1018,Richeria,dressleri,RICDRE,3,0.576666667,8.765172406,0.035968093,0.327003497,146.9617149,147.7701604,195.1118093,2.195555556,0.216287909,2.16287909,25.60402767,21.43776833,3.666652334,0.299474778,0.613239778,0.603713111,0.022389445,6.30E-05,0.099038667,0.0010215
MALO_01,Salacia cordata,1018,Salacia,cordata,SALCOR,3,0.76,21.36493321,0.52962854,0.284897436,306.0738462,101.1909122,323.138785,2.72,0.211199546,2.111995467,12.91275567,18.25062955,3.430442556,0.161400778,1.318233445,0.286758444,0.013833445,0.000442667,0.086150666,0.001758834
MALO_01,Sapium stylare,1018,Sapium,stylare,SAPSTY,1,0.47,24.68763588,0.092940877,0.236230769,34.55338462,159.7191538,247.2498462,2.499350637,0.2495703,2.495703,9.2582655,14.82188,1.7870315,0.1050825,0.0117545,0.0953025,0.0186735,0.021563,0.0300495,-0.0112655
MALO_01,Simarouba amara,1018,Simarouba,amara,SIMAMA,1,0.383333333,37.82736585,0.29705722,0.4291,39.2231,102.0516,251.4333,1.91420905,0.0552481,0.552481,1.652474,7.791768,0.825078,0.0335435,-0.0377645,0.033264,0.0008965,-0.0005575,0.002191,-0.0030305
MALO_01,Tetrorchidium andinum,1018,Tetrorchidium,andinum,TETAND,2,0.4545,15.56391191,0.087403034,0.209105769,293.9508334,235.3013091,224.6357426,2.485667834,0.0465825,0.465825,1.8199355,9.6795495,1.0857325,0.064367,0.120151,0.08405625,0.00323775,-0.00084975,0.03901325,-0.00260775
MALO_01,Tetrorchidium euryphyllum,1018,Tetrorchidium,euryphyllum,TETEUR,3,0.4545,13.74568618,0.206575425,0.166893773,259.021359,245.7583115,170.9441637,5.032222222,0.320909499,3.209094989,40.52559178,34.35167144,6.643636,0.358077556,0.418016445,0.812650889,0.028446778,0.000943834,0.247759,0.001044334
MALO_02,Bellucia 1inECPI_MALO_02,827,Bellucia,1inECPI_MALO_02,BEL1,3,0.540833333,14.77674251,0.535653331,0.192294872,219.5307073,123.8020256,268.762562,2.615906758,0.063942133,0.639421333,4.331012333,4.310145,0.846036333,0.076489667,0.116623667,7.022924167,0.024226833,0.0043065,0.025000167,-0.001415167
MALO_02,Brosimum utile subsp.occidentale,827,Brosimum,utile subsp.occidentale,BROUTI,1,0.505785714,13.64705647,0.687298791,0.205153846,236.9647692,137.9648702,387.4003406,2.433333333,0.113533333,1.135333333,31.072,7.441333333,2.623666667,0.334,0.611333333,0.728666667,0.02,0.001,0.022666667,0.001
MALO_02,Browneopsis macrofoliolata,827,Browneopsis,macrofoliolata,BROMAC,3,0.597866335,13.90568407,0.183527918,0.174356838,199.9565791,132.4436175,345.3217179,1.891321114,0.064646133,0.646461333,6.508763667,2.964652,0.642512,0.028901,0.060570333,0.0255395,0.023762333,9.02E-05,0.006147667,-0.0006405
MALO_02,Chrysochlamys cf.dependens,827,Chrysochlamys,cf.dependens,CHRDEP,1,0.43,8.641741674,0.003959192,0.262615385,239.2271538,170.7705385,181.3029729,NA,NA,NA,NA,NA,NA,NA,NA,NA,NA,NA,NA,NA
MALO_02,Coccoloba obovata,827,Coccoloba,obovata,COCOBO,1,0.686923077,27.97517455,0.161139355,0.167555556,152.2157778,282.3621111,201.0156667,2.211057886,0.08016965,0.8016965,16.215628,2.028749,0.8987165,0.11798,0.0471725,0.1473595,0.018584,0.0004285,0.0171735,-0.0003895
MALO_02,Dacryodes cupularis,827,Dacryodes,cupularis,DACCUP,3,0.568825304,13.23804612,0.874580125,0.231230769,173.4621026,138.3875926,372.3154266,3.235,0.158116667,1.581166667,21.49416667,8.854166669,1.637,0.091333334,0.422333333,0.54,0.002833334,NA,0.03,0.001666667
MALO_02,Eschweilera caudiculata,827,Eschweilera,caudiculata,ESCCAU,3,0.825263021,10.88275121,0.33957789,0.169998901,85.45330769,219.7748256,323.6341046,2.178162591,0.148222317,1.482223167,15.85513139,8.742413613,1.465078833,0.078064944,0.308164722,0.476632389,0.004635278,-0.003122,0.043850222,6.18E-05
MALO_02,Eugenia crassimarginata,827,Eugenia,crassimarginata,EUGCRA,3,0.722760274,12.37394341,0.186487295,0.278076923,41.9625641,153.1690392,380.3923767,1.073333334,0.226641667,2.266416667,26.8145,8.874833334,2.1495,0.412333333,1.0475,0.515666667,0.0085,NA,0.022333334,NA
MALO_02,Faramea langlassei,827,Faramea,langlassei,FARLAN,3,0.584,8.083231143,0.019176281,0.259025641,96.15015383,193.8222564,224.034208,NA,NA,NA,NA,NA,NA,NA,NA,NA,NA,NA,NA,NA
MALO_02,Faramea parvibractea,827,Faramea,parvibractea,FARPAR,2,0.584,9.147396529,0.013713837,0.242269231,68.30319231,148.2965,257.9180622,NA,NA,NA,NA,NA,NA,NA,NA,NA,NA,NA,NA,NA
MALO_02,Gloeospermum aff. grandifolium,827,Gloeospermum,aff.grandifolium,GLOGRA,2,NA,NA,0.59758433,0.199964286,93.50830768,272.1785769,205.7641539,2.34383887,0.077076575,0.77076575,14.6744255,3.0058355,0.68061875,0.04900125,0.06291975,0.1800875,0.0154135,0.00149325,0.0192505,-0.00043225
MALO_02,Guarea cartaguenya,827,Guarea,cartaguenya,GUACAR,3,0.607288889,8.482012423,0.451726466,0.229803419,402.365953,170.2726162,268.8502724,0.887777778,0.099411111,0.994111111,26.496,14.23155556,3.247888889,0.449444445,0.555333333,0.553444445,0.008888889,NA,0.051,0.0015
MALO_02,Guarea glabra,827,Guarea,glabra,GUAGLA,3,0.4784,10.60883732,0.214222846,0.210871795,75.77940812,256.6958321,242.3086574,1.595555556,0.167888889,1.678888889,22.95111111,7.828777778,1.338111111,0.688111111,1.174222222,0.146,0.011888889,0.001833334,0.023111111,0.001
MALO_02,Guarea kunthiana,827,Guarea,kunthiana,GUAKUN,3,NA,NA,0.258769845,0.292675214,189.6608226,258.0044295,244.2032729,NA,NA,NA,NA,NA,NA,NA,NA,NA,NA,NA,NA,NA
MALO_02,Gustavia cf.johnclarkii,827,Gustavia,cf.johnclarkii,GUSJOH,3,0.6375,14.46161406,0.156717564,0.187074592,158.020917,157.6590266,244.0354226,1.968045594,0.046179825,0.46179825,3.248049,4.60929375,0.78727625,0.06459875,0.03224,19.35654075,0.0095705,0.011288,0.02464375,-0.00319575
MALO_02,Inga spectabilis,827,Inga,spectabilis,INGSPE,2,0.578086944,13.48443908,0.257872921,0.203788462,240.5225609,111.413008,411.4400383,4.05,0.241066667,2.410666667,21.04333334,9.697166669,1.372333334,0.785666667,1.014,0.1275,0.006166667,0.001,0.014166667,0.001
MALO_02,Licania durifolia,827,Licania,durifolia,LICDUR,3,0.819962424,24.57917884,0.438728126,0.16612735,181.1180278,137.5545729,430.0767623,1.356777778,0.093566666,0.935666666,19.041,9.42288889,1.751555555,0.705,0.915666667,0.148444444,0.003333333,NA,0.142888889,0.001
MALO_02,Licania megalophylla,827,Licania,megalophylla,LICMEG,3,0.819962424,19.01207043,0.164772607,0.169094276,713.6663668,147.1580717,320.9954702,1.955552685,0.04338405,0.4338405,3.364467667,2.736965167,0.620438833,0.036599667,0.048347833,0.029998667,0.014369667,0.00082,0.015743667,-0.000314833
MALO_02,Licaria applanata,827,Licaria,applanata,LICAPP,1,0.786846154,28.66552115,0.139204756,0.282923077,176.6387692,61.33746154,540.5915385,1.931550876,0.03965245,0.3965245,3.764567,4.227512,0.5529185,0.0761725,0.03517,0.1006795,0.012656,0.001178,0.020534,-1.10E-05
MALO_02,Magnolia mashpi,827,Magnolia,mashpi,MAGMAS,3,NA,NA,0.403721359,0.200839744,250.4647927,118.3288358,329.922687,1.44,0.161922222,1.619222222,26.34888889,8.009144444,1.539333333,0.992555555,1.650222222,0.185555555,0.034888889,NA,0.111777778,0.001
MALO_02,Matisia castano,827,Matisia,castano,MATCAS,3,0.53495,15.47957396,0.148713571,0.22774359,138.0500769,159.1224872,238.0066667,2.305258136,0.07058765,0.7058765,6.381541833,5.055106,1.077298333,0.0573975,0.0906475,0.076283167,0.018610833,0.0005855,0.054252167,-8.05E-05
MALO_02,Miconia brachycalyx,827,Miconia,brachycalyx,MICBRACH,4,0.629222222,13.97636309,0.298730117,0.182986597,157.7110605,189.1199623,326.742276,2.555,0.20585,2.0585,16.65466667,11.118,0.875166667,1.140166667,1.491833333,0.123833334,0.0205,NA,0.015,0.001
MALO_02,Myrcia cf.splendens,827,Myrcia,cf.splendens,MYRSPL,3,0.8155,17.86934274,0.144340475,0.241189744,218.9616795,85.14439487,334.0380641,1.379231574,0.030163567,0.301635667,4.96218,2.609017,0.749947833,0.042212667,0.054839667,0.057872,0.010196833,0.00133,0.0301155,-0.000225833
MALO_02,Naucleopsis naga,827,Naucleopsis,naga,NAUNAG,2,0.6505,16.57851924,0.542729766,0.235303846,289.8607846,256.9343408,251.0706658,1.466666667,0.149967217,1.499672165,14.40912817,12.38649734,2.396853334,0.528901667,0.551394667,0.379022834,0.019997167,0.002108,0.163579,0.001
MALO_02,Ocotea cf.floribunda,827,Ocotea,cf.floribunda,OCOFLO,2,0.539081638,6.943300159,0.028120396,0.227153846,124.003,112.2756923,364.076005,NA,NA,NA,NA,NA,NA,NA,NA,NA,NA,NA,NA,NA
MALO_02,Ocotea insularis,827,Ocotea,insularis,OCOINS,3,0.539081638,17.66049557,0.796158119,0.234769231,119.5969231,115.370861,350.5242295,1.373333333,0.3054,3.054,20.45166667,12.64866667,3.037666667,2.020666667,0.905333333,0.191,0.003,NA,0.101666667,0.001
MALO_02,Otoba novogranatensis,827,Otoba,novogranatensis,OTONOV,3,0.35,14.43044189,0.452662661,0.268811189,266.5588179,144.6511556,257.452235,2.857777778,0.112188889,1.121888889,24.81744444,5.518888889,0.899444444,3.015944444,1.505555556,0.0783,0.007666667,NA,0.039222222,0.001
MALO_02,Pouteria 2inECPI_MALO_02,827,Pouteria,2inECPI_MALO_02,POU2,1,0.687841172,29.94221664,0.168365019,0.248153846,183.5736923,136.8976154,220.4032308,3.095839936,0.1273384,1.273384,8.297174,1.4724775,0.7103605,0.021203,0.0940555,0.0019015,0.012127,0.0001935,0.009018,0.000193
MALO_02,Protium ecuadorense,827,Protium,ecuadorense,PROECU,2,0.56821129,23.57274524,0.216991375,0.26325,161.4894039,97.02287981,334.8412981,1.882060539,0.045254475,0.45254475,2.182978,6.0488985,0.660757,0.03721875,0.044701,0.03308175,0.011267,0.0009605,0.012536,-0.0001385
MALO_02,Salacia cordata,827,Salacia,cordata,SALCOR,3,0.76,6.944327731,0.002375829,0.295472222,310.9814893,109.5170128,351.2036771,NA,NA,NA,NA,NA,NA,NA,NA,NA,NA,NA,NA,NA
MALO_02,Simarouba amara,827,Simarouba,amara,SIMAMA,1,0.383333333,35.0611645,0.371763508,0.455,45.8895,89.2625,258.1756667,2.047489846,0.04853065,0.4853065,3.641723,4.0105,0.777407,0.032472,0.0380875,0.0302655,0.0071775,0.0013315,0.00631,-2.10E-05
MALO_02,Sorocea jaramilloi,827,Sorocea,jaramilloi,SORJAR,1,0.605,17.79020489,0.063285813,0.224615385,53.27492308,131.8975385,346.7267574,NA,NA,NA,NA,NA,NA,NA,NA,NA,NA,NA,NA,NA
MALO_02,Virola 2inECPI_MALO_02,827,Virola,2inECPI_MALO_02,VIR2,3,0.483818511,14.02990639,0.179783137,0.23475641,410.0078744,91.21984394,322.3279177,2.071008366,0.04805765,0.4805765,5.2555365,3.5978475,0.624449333,0.065711167,0.032757333,0.087128333,0.0158025,0.0002155,0.0345955,-0.000257667
MAPI_01,Aegiphila alba,653,Aegiphila,alba,AEGALB,4,0.656666667,20.40300896,0.826299344,0.227244056,254.5591628,264.969277,190.2482473,5.818960067,0.156807211,1.92134355,15.58459194,9.117462333,2.101790833,0.108354167,0.115002722,4.259068278,0.027573222,0.0009885,0.0294915,0.00031725
MAPI_01,Alchornea cf.triplinervia,653,Alchornea,cf.triplinervia,ALCTRI,1,0.408433333,7.42775755,0.002733971,0.411076923,62.18469231,192.7540769,305.3218322,NA,NA,NA,NA,NA,NA,NA,NA,NA,NA,NA,NA,NA
MAPI_01,Castilla elastica,653,Castilla,elastica,CASELA,3,0.5675,20.22246017,1.09485211,0.254282051,189.4344872,234.4644309,206.292456,2.553167827,0.17172295,1.7172295,28.265206,14.0870545,3.5516645,0.169543,0.1270835,0.2110425,0.0077195,0.0010345,0.07546,9.70E-05
MAPI_01,Clarisia racemosa,653,Clarisia,racemosa,CLARRAC,1,0.585428571,33.432329,0.227328786,0.208357143,29.61238462,106.7740779,373.3677228,2.564797599,0.14000465,1.4000465,15.4095865,9.1366925,1.956102,0.079765,0.1220255,0.0475515,0.0016895,-0.000769,0.1306215,-0.0009745
MAPI_01,Conostegia 1inECPI_MAPI_01,653,Conostegia,1inECPI_MAPI_01,CON1,3,0.516123143,20.33406852,0.582472481,0.243239316,142.8920641,187.0538732,221.1218696,2.215634702,0.12204395,1.2204395,16.31267625,21.3359925,1.55494125,0.1848595,2.371092,6.41077225,0.00713675,-0.001123,0.08898,-0.0010515
MAPI_01,Conostegia centronioides var.centronioides,653,Conostegia,centronioides var.centronioides,CONCEN,3,0.516123143,10.28662514,0.049257817,0.173307692,50.33074359,227.7608235,210.3082288,2.253843115,0.0871492,0.871492,11.03654275,30.016062,1.98261975,0.12496775,0.1195995,23.995344,0.006849,0.01186925,0.21401125,-0.00344225
MAPI_01,Cordia cf.hebeclada,653,Cordia,cf.hebeclada,CORHEB,1,0.542470421,22.98904314,0.053912872,0.236846154,140.6595385,163.0945489,315.0533978,2.505093407,0.15757155,1.5757155,29.225537,14.3073075,2.2059895,0.122737,0.102799,0.111898,0.013327,2.70E-05,0.0802195,-0.0003655
MAPI_01,Coussapoa herthae,653,Coussapoa,herthae,COUTHER,2,0.483583333,19.01161055,0.064500824,0.316838462,212.2869616,117.5599806,282.2322252,1.845,0.030362334,0.607246667,7.246548333,9.596953,1.383094333,0.069864,0.026759667,0.056388667,0.007034333,NA,0.031435333,NA
MAPI_01,Dacryodes cupularis,653,Dacryodes,cupularis,DACCUP,3,0.568825304,10.84281092,0.021256801,0.189942308,206.343891,122.468011,391.5734974,1.834607826,0.085093556,0.850935556,9.464133111,4.335840611,1.232568222,0.110177667,1.352637056,0.753307111,0.0051585,-0.001983167,0.030634,-2.30E-05
MAPI_01,Dussia lehmannii,653,Dussia,lehmannii,DUCLEH,2,0.59,7.971858445,0.043687773,0.177714286,156.2117657,256.2288831,304.0182526,3.196706543,0.076153929,0.946337304,12.809552,6.15132625,1.50085975,0.071461,0.162892,0.13815375,0.0043645,-0.0010015,0.05439625,0.00019225
MAPI_01,Ficus trianae,653,Ficus,trianae,FICTRI,1,0.405534662,15.25783264,0.026089356,0.316615385,82.80923077,123.6190832,239.8883055,1.511698721,0.11640875,1.1640875,35.560605,13.5567525,1.4393725,0.0868285,0.1606565,0.093036,0.0052105,0.001705,0.026968,-0.0004025
MAPI_01,Guapira opposita,653,Guapira,opposita,GUAOPP,1,0.83,22.00079767,0.046759465,0.218583333,29.70608333,218.4818686,194.7156732,5.236666667,0.11849452,1.184945204,25.38114167,35.10789533,6.660353667,0.307782333,0.398976333,30.13680967,0.010129667,NA,0.153011,0.003495667
MAPI_01,Handroanthus chrysanthus,653,Handroanthus,chrysanthus,HANCHR,3,0.516123143,16.78320826,0.295924676,0.161769231,150.4174615,330.3159733,247.6600115,4.5807578,0.178771867,1.787718672,28.97830511,8.082015667,1.493540278,0.129152111,0.145871556,0.152287444,0.008430611,0.00130225,0.053902167,6.33E-06
MAPI_01,Inga 1inECPI_MAPI_01,653,Inga,1inECPI_MAPI_01,ING1,3,0.578086944,14.59551276,0.132792765,0.23,68.4625641,171.379848,348.2842561,NA,NA,NA,NA,NA,NA,NA,NA,NA,NA,NA,NA,NA
MAPI_01,Inga 2inECPI_MAPI_01,653,Inga,2inECPI_MAPI_01,ING2,3,0.578086944,22.28177543,0.499797546,0.228757937,170.0028159,161.2790878,306.9415844,2.931916027,0.128122683,1.281226833,14.5751945,7.437783667,1.4587535,0.089332667,1.212379333,0.607044667,0.008225167,-0.0013305,0.061439,-0.000951167
MAPI_01,Inga multicaulis,653,Inga,multicaulis,INGMUL,3,0.578086944,20.65099257,0.076796232,0.339858974,151.0617128,161.0876205,276.4438098,2.929298459,0.14592775,1.4592775,12.799569,4.512981,1.04956025,0.20451325,0.14287225,0.1593335,0.00945875,0.000867,0.0675265,-0.00041025
MAPI_01,Inga silanchensis,653,Inga,silanchensis,INGSIL,1,0.578086944,10.7215474,0.030349356,0.192636364,111.2724545,127.8358182,442.7309397,NA,NA,NA,NA,NA,NA,NA,NA,NA,NA,NA,NA,NA
MAPI_01,Inga spectabilis,653,Inga,spectabilis,INGSPE,1,0.578086944,10.43081266,0.006082123,0.241416667,273.36625,112.115,383.1333681,NA,NA,NA,NA,NA,NA,NA,NA,NA,NA,NA,NA,NA
MAPI_01,Jacaratia chocoensis,653,Jacaratia,chocoensis,JACCHO,3,0.265,13.22455036,0.030822951,0.205621795,142.0870171,295.2139248,163.1055655,3.590499535,0.262355025,2.62355025,35.40698725,13.8545815,6.34621075,0.1395095,0.129819,0.135714,0.00672025,0.0001785,0.04202075,-0.00061525
MAPI_01,Miconia brachycalyx,653,Miconia,brachycalyx,MICBRACH,2,0.629222222,19.2737189,0.031102553,0.143083334,181.8995609,314.437801,247.0140659,2,0.077589919,0.852284753,11.94668742,10.3692965,1.366429584,0.114140917,0.13351875,5.612162417,0.008584834,NA,0.068011417,0.001074834
MAPI_01,Miconia cf.gracilis,653,Miconia,cf.gracilis,MICGRA,1,0.629222222,7.971858445,0.027611458,0.198615385,61.16669231,288.2454802,206.5506072,0.833333333,0.060911266,0.609112664,9.678653667,15.928843,1.467274667,0.076678333,0.156038333,13.28364167,0.005873,NA,0.080086333,0.001070667
MAPI_01,Miconia explicita,653,Miconia,explicita,MICEXP,3,0.629222222,16.09046378,0.242786206,0.130882784,102.3124872,249.420075,234.2517872,2.531546337,0.098200817,0.982008167,20.98253133,18.16118733,2.375512333,0.113129833,0.1638445,17.0323405,0.007254667,0.0093475,0.085516833,-0.0026215
MAPI_01,Ochroma pyramidale,653,Ochroma,pyramidale,OCHPYR,3,NA,NA,0.609796486,0.333547009,498.9672179,179.7064411,315.1971508,4.737777778,0,NA,NA,NA,NA,NA,NA,NA,NA,NA,NA,NA
MAPI_01,Otoba gordoniifolia,653,Otoba,gordoniifolia,OTOGOR,2,0.389027778,11.85034253,0.182765295,0.285243507,379.8466748,114.4659729,253.6901313,2.935738348,0.082846824,0.828468238,10.46075692,10.2174475,2.237299667,0.098731667,0.134092417,5.803032835,0.011035,0.000918,0.103206,0.000599917
MAPI_01,Palicourea pyramidalis,653,Palicourea,pyramidalis,PALPYR,3,0.55,8.57259915,0.018928097,0.171212454,71.75953846,186.3339074,212.6882622,3.791804229,0.072282986,0.722829856,12.56700017,12.20228461,4.125965444,0.088848389,0.187028722,11.9647775,0.012145444,0.00438965,0.180643278,-0.000155667
MAPI_01,Pourouma bicolor subsp.scobina,653,Pourouma,bicolor subsp.scobina,POUBIC,2,0.353166667,11.61733597,0.338828622,0.205125,603.4064183,136.4115907,480.0707123,4.105,0.05255,1.051,9.376,4.177333333,1.701666667,0.092666667,0.042333333,0.064333333,0.010333333,0.005,0.083333333,0.001
MAPI_01,Rhodostemonodaphne cyclops,653,Rhodostemonodaphne,cyclops,RHOCYC,2,0.395,14.53002792,0.049139222,0.207234849,195.9329205,157.3084903,311.6842364,2.329644401,0.064632434,0.646324334,12.41392133,6.61333225,1.590531917,0.050893667,1.931090084,1.004541334,0.00428375,-0.00234475,0.06427875,0.00013175
MAPI_01,Sapium laurifolium,653,Sapium,laurifolium,SAPLAU,3,NA,NA,0.007853982,0.363230769,103.8063846,111.4827949,327.477993,NA,NA,NA,NA,NA,NA,NA,NA,NA,NA,NA,NA,NA
MAPI_01,Saurauia brachybotrys,653,Saurauia,brachybotrys,SAUBRA,2,0.4106,9.938358118,0.025907929,0.276080128,407.1215641,146.5928194,172.6722124,2.776044294,0.081349506,0.910305205,23.0382295,12.59595375,2.8625095,0.14040275,0.13869375,0.32881025,0.007547,0.001301,0.062427,0.00057025
MAPI_01,Sloanea medusula,653,Sloanea,medusula,SLOMED,1,NA,NA,0.057255526,0.2188,1427.6951,148.986782,360.9580215,1.716666667,0.083791337,0.837913365,12.34253267,15.198262,2.450622,0.082618667,0.240513333,0.130711,0.011166,NA,0.108303667,NA
MAPI_01,Theobroma gileri,653,Theobroma,gileri,THEGIL,3,0.5316,20.92569382,0.169436302,0.187066667,55.29366666,245.9632044,311.6435938,2.86291006,0.093426375,0.93426375,18.96204192,5.531926334,2.17140775,0.0582535,0.119420917,0.043271334,0.008741917,0.00383325,0.0321295,0.00059775
MAPI_01,Trema integerrima,653,Trema,integerrima,TREINT,1,0.3,33.56561153,0.231573863,0.187384615,36.27146154,175.2797831,244.4517311,2.764488736,0.1478859,1.478859,32.084333,39.374182,4.246673,0.1744795,4.7618965,2.441263,0.0084765,-0.01246,0.146061,-0.000806
MAPI_01,Triplaris cumingiana,653,Triplaris,cumingiana,TRICUM,3,0.52,16.50483033,0.110368077,0.18925641,260.4698205,179.3285761,262.2427512,3.135349967,0.163231867,1.632318667,19.800097,18.29254217,2.4906335,0.134124,0.1466235,0.166669167,0.0074125,0.000732,0.121055,-0.000759833
MAPI_01,Virola reidii,653,Virola,reidii,VIRREI,1,0.35,26.8072543,0.091863311,0.289769231,92.84330769,85.69185444,325.8271108,1.937224911,0.08386215,0.8386215,7.3485715,13.485842,2.273713,0.0643765,0.110554,0.061409,0.0131545,0.001184,0.2238985,-0.0006655
MAPI_01,Virola sebifera,653,Virola,sebifera,VIRSEB,3,0.445375,8.245468316,0.17105815,0.153820513,206.3102052,267.0968843,240.8971625,3.208005895,0.152814161,1.528141611,19.18218872,7.096558722,1.643863056,0.09431,0.117119333,0.289023111,0.014710333,0.000648167,0.097287222,-0.0001485
MAPI_02,Aegiphila alba,632,Aegiphila,alba,AEGALB,1,0.656666667,15.99485104,0.021756315,0.365555556,131.3573333,274.8417778,249.1370712,NA,NA,NA,NA,NA,NA,NA,NA,NA,NA,NA,NA,NA
MAPI_02,Brosimum guianense,632,Brosimum,guianense,BROGUI,2,0.8435,22.86125613,0.166789511,0.216538462,36.94976923,124.1123846,336.9229231,2.089825986,0.094513175,0.94513175,15.41263375,16.384137,2.4635575,0.103563,0.173611,0.0923745,0.00569425,0.0020015,0.12179175,-0.00034375
MAPI_02,Brosimum utile subsp.occidentale,632,Brosimum,utile subsp.occidentale,BROUTI,3,0.505785714,10.93190073,0.279743118,0.208128205,230.559641,155.3950513,261.4403077,1.696268503,0.087851433,0.878514333,18.3941505,10.08089917,2.472687333,0.067457333,0.151244833,0.051645667,0.005890833,0.000862833,0.082662333,-0.000356833
MAPI_02,Castilla elastica,632,Castilla,elastica,CASELA,1,0.5675,35.91587087,0.253388297,0.473,122.0625385,83.42807692,325.778,1.961141531,0.1001018,1.001018,17.661015,16.447574,2.151937,0.1650455,0.111601,0.1493635,0.0068315,0.001764,0.045717,-0.0004315
MAPI_02,Conostegia 1inECPI_MAPI_01,632,Conostegia,1inECPI_MAPI_02,CON1,1,0.505482534,19.40401648,0.313987264,0.284083333,121.8998333,154.8626667,248.2005833,2.036021583,0.1069301,1.069301,16.821402,23.7367595,1.2599215,0.0967455,0.132146,9.5319175,0.0070445,0.006551,0.1229025,-0.0010735
MAPI_02,Conostegia 1inECPI_MAPI_02,632,Conostegia,1inECPI_MAPI_02,CON1,2,0.505482534,19.40401648,0.313987264,0.270423077,132.2033077,142.5231539,251.5391923,2.231475577,0.12232565,1.2232565,18.191636,20.45224975,1.6986805,0.10828625,0.19592025,9.8985075,0.00744025,0.0064,0.071343,-0.0019095
MAPI_02,Conostegia centronioides var.centronioides,632,Conostegia,centronioides var.centronioides,CONCEN,2,0.505482534,10.59977482,0.024110152,0.184538462,60.95415385,235.932077,274.1814632,NA,NA,NA,NA,NA,NA,NA,NA,NA,NA,NA,NA,NA
MAPI_02,Dacryodes cupularis,632,Dacryodes,cupularis,DACCUP,3,0.568825304,14.60910536,0.848970647,0.286192308,164.7938975,101.7468461,402.8995903,1.808986691,0.098221517,0.982215167,11.7294105,6.148554667,1.383789833,0.1048895,3.251969333,1.468675667,0.005272833,-0.005589333,0.0614655,-0.000836667
MAPI_02,Miconia brevitheca,632,Miconia,brevitheca,MICBRE,1,0.629222222,21.02649796,0.042896092,0.174923077,43.46753846,254.6418462,286.9913853,NA,NA,NA,NA,NA,NA,NA,NA,NA,NA,NA,NA,NA
MAPI_02,Miconia explicita,632,Miconia,explicita,MICEXP,2,0.629222222,8.678519595,0.017591347,0.139384616,80.93873077,263.3638846,266.0820967,NA,NA,NA,NA,NA,NA,NA,NA,NA,NA,NA,NA,NA
MAPI_02,Nectandra cf.subbullata,632,Nectandra,cf.subbullata,NECSUB,3,0.562449275,19.22710954,0.187028435,0.222158608,499.4904667,83.92736667,363.8789256,2.047522858,0.075049717,0.750497167,12.24554583,7.196245,2.083734,0.0745185,2.037131833,1.205407833,0.005928,0.045397667,0.043752833,-0.000795167
MAPI_02,Otoba gordoniifolia,632,Otoba,gordoniifolia,OTOGOR,3,0.389027778,17.91041154,1.109774673,0.344758838,374.7722563,117.3826237,193.3969596,1.777823725,0.100552033,1.005520333,15.97291783,14.78463133,2.323650167,0.076512833,0.1243585,0.112997667,0.0121675,0.000466167,0.02705,-0.000217
MAPI_02,Palicourea guianensis,632,Palicourea,guianensis,PALGUI,3,0.54,7.193564734,0.007861051,0.171157509,238.3312564,204.488641,255.6986944,NA,NA,NA,NA,NA,NA,NA,NA,NA,NA,NA,NA,NA
MAPI_02,Palicourea palenquensis,632,Palicourea,palenquensis,PALPAL,1,0.55,9.059268833,0.02108794,0.241272727,103.2015455,232.1192727,147.8052025,NA,NA,NA,NA,NA,NA,NA,NA,NA,NA,NA,NA,NA
MAPI_02,Pourouma bicolor subsp.scobina,632,Pourouma,bicolor subsp.scobina,POUBIC,3,0.353166667,28.95622228,2.664982417,0.255839744,960.56226,132.2269414,282.7575737,2.285096808,0.112078367,1.120783667,18.21913683,10.73607,2.645752667,0.106988167,1.678718,0.826464833,0.008723167,-0.002711833,0.125288833,-0.000274167
MAPI_02,Theobroma gileri,632,Theobroma,gileri,THEGIL,3,0.5316,13.01626598,0.174328549,0.173952992,54.63256197,268.8193611,273.6419359,2.729292638,0.138074067,1.380740667,36.6761615,6.316050167,2.194214667,0.1764745,2.317509,1.213424167,0.0131255,-0.003743833,0.059771333,-0.000824667
MAPI_02,Trichospermum galeottii,632,Trichospermum,galeottii,TRIGAL,1,0.27,33.13893824,0.18020254,0.214857143,64.42984615,147.8733846,368.8534615,NA,NA,NA,NA,NA,NA,NA,NA,NA,NA,NA,NA,NA
MAPI_02,Virola reidii,632,Virola,reidii,VIRREI,3,0.35,21.69770052,0.190623202,0.258858974,97.42084827,116.3018739,315.7209509,2.063301441,0.0866968,0.866968,13.5836195,11.70584783,2.066024167,0.064322833,0.089483667,0.044307833,0.0156535,0.000471167,0.188932,-0.0003495
MIND_01,Chrysochlamys dependens,1277,Chrysochlamys,dependens,CHRDEP,3,0.43,11.5260448,0.173442618,0.354138889,237.8968056,126.5456389,238.2618067,1.761111111,0.048965933,0.576020722,4.775008333,4.137300889,1.141227778,0.0681475,0.145588111,0.109769667,0.00596775,0.001001,0.057515333,0.0009815
MIND_01,Coussapoa contorta,1277,Coussapoa,contorta,COUCON,2,0.483583333,18.71124612,0.273134778,0.199868132,96.97261539,246.3516773,299.2764788,2.295,0.101808933,1.092632417,6.285684335,15.09912442,3.23674025,0.090220917,0.168176084,10.14510542,0.005175417,NA,0.044283667,0.002113917
MIND_01,Dacryodes cupularis,1277,Dacryodes,cupularis,DACCUP,3,0.568825304,8.810412193,0.641276816,0.198054945,225.5334542,143.9308038,381.2854031,2.69,0.070826105,0.708261051,5.117745555,7.125941555,3.315516333,0.120046555,0.140212778,0.129915778,0.012204667,0.004,0.057595778,0.001583222
MIND_01,Dendropanax macrocarpus,1277,Dendropanax,macrocarpus,DENMAC,3,0.419833333,10.24757216,1.164593111,0.177974359,79.68248077,210.9349575,294.1583543,2.79,0.251896734,2.83560513,19.11789994,27.18836322,6.661245889,0.628462778,0.5197975,2.032788556,0.053950417,0.000848333,0.219842889,0.002004167
MIND_01,Faramea langlassei,1277,Faramea,langlassei,FARLAN,3,0.584,10.02147424,0.117661279,0.207448718,73.36210043,140.6069848,344.110607,2.15,0.105310267,1.053102669,6.182994445,11.86128178,1.90397,0.151006778,0.342134667,0.089462778,0.014922584,0.000412333,0.063041,0.002332
MIND_01,Graffenrieda cucullata,1277,Graffenrieda,cucullata,GRACUC,1,NA,NA,0.024605739,0.23975,170.8491667,154.1756667,241.3832048,NA,NA,NA,NA,NA,NA,NA,NA,NA,NA,NA,NA,NA
MIND_01,Hedyosmum goudotianum var. goudotianum,1277,Hedyosmum,goudotianum var. goudotianum,HEDGOU,3,0.45,12.0550091,0.378744126,0.29125,91.29727779,161.8140811,248.1609511,2.82919746,0.17201087,1.720108702,38.71033971,17.714341,4.384776778,0.235704167,0.271573555,0.139854611,0.023866167,-0.001208,0.098381722,0.000484667
MIND_01,Heisteria asplundii,1277,Heisteria,asplundii,HEIASP,3,0.69625,13.55505042,0.3374958,0.260713675,112.0689637,142.3355986,365.1688813,1.886666667,0.073612767,0.736127667,8.098766222,9.607636999,1.513886111,0.306867111,0.222230445,0.281453111,0.012028556,0.000812778,0.028821555,0.000702111
MIND_01,Heliocarpus americanus,1277,Heliocarpus,americanus,HELAME,2,0.221333333,15.69632847,0.169317708,0.228547619,151.5069286,238.3769524,169.7344764,3.846110018,0.1575668,1.575668,16.3764175,6.61649575,2.332112,0.080595,0.1673455,0.063885,0.018352,2.45E-05,0.0374345,-0.00032275
MIND_01,Hieronyma asperifolia,1277,Hieronyma,asperifolia,HIEASP,2,0.500460553,12.45013293,0.378089105,0.352538462,182.4673654,88.8299137,319.2144615,3.088333333,0.03985025,0.3985025,6.5757365,6.429203334,1.971641334,0.070928333,0.968143,1.771044,0.009914833,0.003,0.024842334,0.001
MIND_01,Huertea glandulosa,1277,Huertea,glandulosa,HUEGLA,3,0.4285,17.37874387,0.44680359,0.248398601,73.03280186,115.3490303,284.9946617,1.876112052,0.093567617,0.935676167,7.4791635,21.53535867,1.947983,0.052519833,0.071883833,0.063852,0.007636333,-0.000721333,0.010698,-5.85E-05
MIND_01,Inga 4inECPI_MIND_01,1277,Inga,4inECPI_MIND_01,ING4,1,0.578086944,12.01383114,0.094984483,0.209153846,70.20546154,130.5811538,440.1541857,NA,NA,NA,NA,NA,NA,NA,NA,NA,NA,NA,NA,NA
MIND_01,Inga multicaulis,1277,Inga,multicaulis,INGMUL,1,0.578086944,12.17076709,0.01901449,0.238142857,65.40053846,250.4960769,425.0934947,NA,NA,NA,NA,NA,NA,NA,NA,NA,NA,NA,NA,NA
MIND_01,Inga silanchensis,1277,Inga,silanchensis,INGSIL,3,0.578086944,15.49293136,0.089461564,0.189794872,60.47869231,203.5659487,419.0496606,NA,NA,NA,NA,NA,NA,NA,NA,NA,NA,NA,NA,NA
MIND_01,Miconia 1inECPI_MIND_01,1277,Miconia,1inECPI_MIND_01,MIC1,1,0.629222222,9.030840806,0.018531468,0.1681,22.113,228.0061111,230.4787542,NA,NA,NA,NA,NA,NA,NA,NA,NA,NA,NA,NA,NA
MIND_01,Nectandra acutifolia,1277,Nectandra,acutifolia,NECACU,3,0.562449275,12.78969505,0.158776093,0.160816434,101.4451705,180.2584897,351.6123289,NA,NA,NA,NA,NA,NA,NA,NA,NA,NA,NA,NA,NA
MIND_01,Nectandra purpurea,1277,Nectandra,purpurea,NECPUR,3,0.431,13.79161599,0.256675974,0.253897436,158.8419744,94.19017949,405.5209204,1.649915154,0.061573983,0.615739833,6.963837167,13.31696733,1.809248167,0.056675333,0.084716,0.168256,0.007939833,0.000360667,0.035723167,-0.000544667
MIND_01,Ocotea cf.pichinchensis,1277,Ocotea,cf.pichinchensis,OCOPIC,1,0.539081638,11.07334208,0.011122023,0.259923077,105.6913077,91.68738462,439.6080251,NA,NA,NA,NA,NA,NA,NA,NA,NA,NA,NA,NA,NA
MIND_01,Ocotea insularis,1277,Ocotea,insularis,OCOINS,3,0.539081638,10.6583799,0.394437953,0.194877289,108.0128205,98.68684448,463.6867555,2.347777778,0.105275894,1.052758937,12.50908289,17.44214878,3.176056445,0.106813667,0.139445556,0.513260556,0.011694667,0.001,0.039062889,0.001540834
MIND_01,Ocotea pacifica,1277,Ocotea,pacifica,OCOPAC,2,0.539081638,17.22053757,0.125842777,0.262724359,61.60399039,137.4685128,304.6315254,2.244615387,0.083238575,0.83238575,5.8405665,13.00071725,2.51793475,0.06910975,0.10516725,0.0905785,0.02134525,2.45E-05,0.02296775,-0.00023975
MIND_01,Palicourea guianensis,1277,Palicourea,guianensis,PALGUI,3,NA,NA,0.028063848,0.154282051,126.4589487,195.2275897,250.0920836,NA,NA,NA,NA,NA,NA,NA,NA,NA,NA,NA,NA,NA
MIND_01,Persea pseudofasciculata,1277,Persea,pseudofasciculata,PERPSE,3,0.514030303,13.31256111,0.341354462,0.257301282,281.0775705,220.3938355,360.7286778,1.611430226,0.0846165,0.846165,9.8270825,7.502784833,2.306526667,0.069572333,0.093228833,0.350592333,0.008498167,-0.000405667,0.040063833,-0.000250833
MIND_01,Roupala montana,1277,Roupala,montana,ROUMON,2,0.783333333,31.85953938,0.7705078,0.200208334,108.8344167,147.1515041,357.9336421,3.146666667,0.090642111,1.301337462,21.02057467,21.60061608,7.0557285,0.188099167,0.243466834,0.29616925,0.017127834,0.001,0.499870084,0.0013295
MIND_01,Saurauia bachybotryx,1277,Saurauia,brachybotrys,SAUBRA,1,0.4106,11.45077131,0.444350007,0.435083333,325.1914167,145.0269494,195.7403867,5.066666667,0.085839314,0.858393138,13.319871,22.332199,4.972631333,0.172171333,2.663807,0.733728333,0.01042,0.000805333,0.083573667,0.002775667
MIND_01,Saurauia brachybotrys,1277,Saurauia,brachybotrys,SAUBRA,2,0.4106,11.45077131,0.444350007,0.393576924,293.5668077,142.2953518,187.6515832,2.225,0.071810756,0.718107561,7.944353,12.37000767,2.7011335,0.1086635,0.1255345,0.128518667,0.0090195,0.001,0.030277167,0.002492334
MIND_01,Spirotheca awadendron,1277,Spirotheca,awadendron,SPIAWA,1,NA,NA,0.66645825,0.438230769,175.0533077,77.47892308,247.7536923,1.479165806,0.0495565,0.495565,7.535523,4.4279655,1.3453275,0.0242405,0.0607305,0.016477,0.0498565,6.45E-05,0.004372,2.15E-05
RIBR_01,Aegiphila alba,1640,Aegiphila,alba,AEGALB,3,0.656666667,12.66678976,0.047665029,0.242252007,215.7671153,198.1036128,171.8436672,NA,NA,NA,NA,NA,NA,NA,NA,NA,NA,NA,NA,NA
RIBR_01,Alchornea cf.bogotensis,1640,Alchornea,cf.bogotensis,ALCBOG,2,0.408433333,17.0388338,0.084852062,0.238807693,43.24129167,134.8711923,282.2158892,NA,NA,NA,NA,NA,NA,NA,NA,NA,NA,NA,NA,NA
RIBR_01,Alchornea triplinervia,1640,Alchornea,triplinervia,ALCTRI,3,0.466666667,8.108241876,0.083343311,0.225025641,47.60566667,160.529641,263.2499769,NA,NA,NA,NA,NA,NA,NA,NA,NA,NA,NA,NA,NA
RIBR_01,Banara regia,1640,Banara,regia,BANREG,3,0.653833333,6.717773052,0.182744087,0.205846154,473.9131538,192.0002866,248.1207098,1.112222222,0.095244778,0.952447778,10.16792978,8.26622711,2.041292445,0.093167,0.102826333,0.082694556,0.009460667,0.001394556,0.087880222,0.001153667
RIBR_01,Eugenia cf.florida,1640,Eugenia,cf.florida,EUGFLO,3,0.722760274,11.60873433,0.203588557,0.234410256,41.59233333,115.5587606,433.02258,3.217777778,0.185111578,1.851115778,19.39968856,12.01102244,3.271234111,0.147978556,0.334752445,3.580578111,0.019338667,0.001,0.045728556,0.0018
RIBR_01,Guarea kunthiana,1640,Guarea,kunthiana,GUAKUN,3,0.616166667,7.136271204,0.030760904,0.318407925,239.6149161,107.1840117,231.8363056,NA,NA,NA,NA,NA,NA,NA,NA,NA,NA,NA,NA,NA
RIBR_01,Hedyosmum anisodorum,1640,Hedyosmum,anisodorum,HEDANI,3,0.45,9.222867445,0.444121457,0.320615385,85.20802565,173.7150576,200.6591737,2.335555556,0.090372895,0.946738209,13.77829095,13.11050889,3.127574222,0.142956111,0.200429,3.173847111,0.013157945,0.001620333,0.068566222,0.000764056
RIBR_01,Hedyosmum cuatrecazanum,1640,Hedyosmum,cuatrecazanum,HEDCUA,3,0.45,17.84463836,0.497683253,0.452284188,80.39192521,174.8412128,176.318879,0.568888889,0.077745811,0.777458111,7.767752667,14.58279656,2.379024222,0.071592333,0.076369444,0.102191333,0.005156778,0.001404555,0.141876222,0.001297667
RIBR_01,Hedyosmum goudotianum var. goudotianum,1640,Hedyosmum,goudotianum var. goudotianum,HEDGOU,3,0.45,8.172852002,0.158538116,0.323230769,79.18607692,122.8376667,231.3456655,1.73074876,0.064839167,0.648391667,5.251552167,18.5713265,3.406288167,0.083059,0.272195833,0.092686,0.008699833,-2.65E-05,0.088541167,-3.15E-05
RIBR_01,Inga nobilis subsp. quaternata,1640,Inga,nobilis subsp. quaternata,INGNOB,3,0.56,14.52069153,0.248653133,0.268138889,112.486829,142.716865,330.3777314,5.181666667,0.070007583,0.700075833,4.186183667,3.402749167,1.3286225,0.059031,0.083939667,0.192537667,0.007893167,0.001,0.046105167,0.000887334
RIBR_01,Meriania maxima,1640,Meriania,maxima,MERMAX,3,0.49,15.29797804,0.189097174,0.294394872,264.3214667,122.0786359,280.3260573,NA,NA,NA,NA,NA,NA,NA,NA,NA,NA,NA,NA,NA
RIBR_01,Miconia clathrantha,1640,Miconia,clathrantha,MICCLA,3,0.629222222,12.81999655,2.561715913,0.294438229,113.8668118,102.6442853,357.9158021,2.995048527,0.0596807,0.596807,3.7905605,9.994665778,1.160564167,0.102093667,0.137812333,3.496779111,0.0052705,0.00502475,0.027154222,0.000688611
RIBR_01,Miconia rivetii,1640,Miconia,rivetii,MICRIV,3,0.629222222,7.766559146,0.252903703,0.318307693,334.0688162,196.596532,201.205945,2.555555556,0.045075378,0.450753778,4.479785222,7.488930556,1.643128222,0.076694,0.091792667,3.258157889,0.007614,0.001,0.206042,0.001647334
RIBR_01,Miconia theaezans,1640,Miconia,theaezans,MICTHE,2,0.629222222,15.13936896,0.132795907,0.247653847,55.23446154,116.5135385,293.6919388,1.627886041,0.0651681,0.651681,2.2305845,12.269871,1.01165175,0.075243,0.0904505,8.80887025,0.0050905,0.00622275,0.03179225,-0.00182475
RIBR_01,Ocotea insularis,1640,Ocotea,insularis,OCOINS,3,0.539081638,12.70104487,0.306028039,0.218631868,137.1904359,109.2065129,355.1349156,1.841020719,0.073900267,0.739002667,5.090234833,6.883612833,0.777463167,0.062711333,0.071604833,0.091187333,0.010305,-0.0005175,0.031604,-0.000295
RIBR_01,Otoba gordoniifolia,1640,Otoba,gordoniifolia,OTOGOR,3,0.389027778,13.91620021,0.250483895,0.384784965,223.2861099,103.2803436,222.2576649,1.628888889,0.040054767,0.400547667,4.397951333,7.879051111,1.797127011,0.055913778,0.071657333,0.129700889,0.010012444,0.001,0.02515,0.001352111
RIBR_01,Persea pseudofasciculata,1640,Persea,pseudofasciculata,PERPSE,3,0.514030303,10.7048031,0.131188982,0.264441225,151.4800303,74.13776224,414.1943717,1.478183754,0.070023417,0.700234167,4.115805,7.202458667,0.883423167,0.0608675,0.0948555,0.098064667,0.005448,-0.000632333,0.089484167,-0.000109833
RIBR_01,Saurauia pseudostrigillosa,1640,Saurauia,pseudostrigillosa,SAUPSE,3,0.4106,9.592682115,0.190565083,0.283574359,302.9348205,172.5854046,171.4667222,0.232222222,0.056138745,0.561387445,7.478001445,9.326454,1.752165333,0.061336556,0.064820222,0.100684,0.005223333,0.001923,0.012235889,0.001255778
RIBR_01,Vismia lateriflora,1640,Vismia,lateriflora,VISLAT,3,0.493083333,11.93207895,0.239216573,0.234512821,69.67958974,134.4543846,291.9728129,1.506159186,0.08328175,0.8328175,4.088589667,13.62810667,1.240454667,0.056349,0.079608,0.061815667,0.020171,-0.000180167,0.031979333,-0.0001435
VERD_01,Axinaea macrophylla,3421,Axinaea,macrophylla,AXIMAC,3,0.551814902,8.44612269,1.077778338,0.289773893,34.12025175,108.8473797,267.4994904,2.946666667,0.0779681,0.779681,9.758072267,11.88791284,2.388335167,0.1382775,0.194820667,0.171804667,0.017944834,NA,0.071390334,0.001541
VERD_01,Escallonia paniculata,3421,Escallonia,paniculata,ESCPAN,3,0.567333333,11.22010425,0.043064952,0.392882784,16.56553846,81.60869231,337.4267445,NA,NA,NA,NA,NA,NA,NA,NA,NA,NA,NA,NA,NA
VERD_01,Geissanthus andinus,3421,Geissanthus,andinus,GEIAND,3,0.551814902,7.587474155,1.928164269,0.455897436,23.25520513,62.28603447,308.4719902,0.691111111,0.074626189,0.746261889,12.23388022,8.114801445,1.729230111,0.091975889,0.183511667,1.557793334,0.009704222,NA,0.161253778,0.002703111
VERD_01,Hedyosmum cumbalense,3421,Hedyosmum,cumbalense,HEDCUM,3,0.45,15.97420616,0.22265174,0.391630925,20.94649883,182.1557614,138.0881648,NA,NA,NA,NA,NA,NA,NA,NA,NA,NA,NA,NA,NA
VERD_01,Hedyosmum luteynii,3421,Hedyosmum,luteynii,HEDLUT,3,0.45,8.240800026,1.300620934,0.421801282,31.47526282,170.3642333,163.0395565,2.418888889,0.165057355,1.650573555,12.50039844,12.07283422,2.836427556,0.301425778,0.392622,3.176236889,0.011415556,0.002306,0.300659556,0.001799211
VERD_01,Miconia corymbiformis,3421,Miconia,corymbiformis,MICCOR,3,0.629222222,8.935440928,0.422032917,0.32817094,120.0571218,127.4427115,209.1048208,NA,NA,NA,NA,NA,NA,NA,NA,NA,NA,NA,NA,NA
VERD_01,Oreopanax ecuadorensis,NA,NA,NA,NA,NA,NA,NA,0.02311741,NA,NA,NA,NA,NA,NA,NA,NA,NA,NA,NA,NA,NA,NA,NA,NA,NA
VERD_01,Oreopanax ecuadoriensis,3421,Oreopanax,ecuadoriensis,OREECU,2,NA,NA,NA,0.396262821,255.2056667,77.78541667,275.7254796,NA,NA,NA,NA,NA,NA,NA,NA,NA,NA,NA,NA,NA
VERD_01,Prunus huantensis,3421,Prunus,huantensis,PRUHUA,3,0.585666667,5.15598229,0.298459155,0.280538462,50.88292308,89.58992307,332.9823077,1.5255214,0.108890667,1.088906667,25.75444367,15.25311267,2.503761167,0.066914,0.123275667,0.074441833,0.006012333,0.000595333,0.334089667,-0.000215833
VERD_01,Schefflera sodiroi,3421,Schefflera,sodiroi,SCHSOD,3,0.394552976,7.695832395,0.598210291,0.461644022,78.34537962,62.13775215,342.0928415,0.658333333,0.070395784,0.703957834,5.491717334,10.32341083,2.326519167,0.111316833,0.195319667,0.1538635,0.010469667,NA,0.128246,0.002664333
VERD_01,Symplocos quitensis,3421,Symplocos,quitensis,SYMQUI,3,0.533541667,15.16285097,1.326129093,0.356865385,10.52925855,109.7885503,281.9175587,1.74,0.173773978,2.004471111,27.09797983,29.17641217,5.703154,0.307146333,0.436326889,0.407951111,0.0216995,0.000355,0.319026611,0.001459611
VERD_01,Verbesina arborea,3421,Verbesina,arborea,VERARB,4,0.551814902,4.27748908,0.148054624,0.424275641,162.8768125,151.0778269,219.6319822,2.784077934,0.1680953,1.680953,41.62904483,15.39459967,2.835787,0.181957167,3.2159785,1.799571833,0.005564333,-0.003184833,0.162616167,-0.000890833
VERD_01,Viburnum pichinchense,3421,Viburnum,pichinchense,VIBPIC,3,0.631,3.706172578,0.088856805,0.273942308,23.37191026,404.5250854,140.6257584,NA,NA,NA,NA,NA,NA,NA,NA,NA,NA,NA,NA,NA
VERD_02,Aegiphila monticola,2932,Aegiphila,monticola,AEGMON,3,0.656666667,10.27539613,0.417004802,0.354938034,80.67196581,145.8226538,172.7492866,2.53423099,0.1670505,1.670505,23.68725017,15.55221883,3.2197665,0.1190335,0.351747333,0.267888167,0.033521,0.001214667,0.049249167,-0.0004535
VERD_02,Freziera verrucosa,2932,Freziera,verrucosa,FREVER,3,0.58,13.27323164,0.816890273,0.564314103,74.60940812,59.4263278,290.8707939,0.725555556,0.091934262,0.919342622,12.00723562,8.788200367,2.432400811,0.122829322,0.1374746,0.512488586,0.016455778,NA,0.054997333,0.00072
VERD_02,Hedyosmum anisodorum,2932,Hedyosmum,anisodorum,HEDANI,3,0.45,10.12137696,0.257911404,0.341769231,65.60510257,175.7237692,163.3123559,NA,NA,NA,NA,NA,NA,NA,NA,NA,NA,NA,NA,NA
VERD_02,Hedyosmum luteynii,2932,Hedyosmum,luteynii,HEDLUT,3,0.45,12.74106118,0.847509807,0.388797203,44.70208858,173.0733168,179.5159313,3.378333334,0.486479334,4.864793334,37.88352267,41.37878334,6.5577625,0.412446167,0.680151833,0.7903675,0.057155333,3.13E-05,0.127449834,0.003607
VERD_02,Miconia theaezans,2932,Miconia,theaezans,MICTHE,3,0.629222222,13.09577239,0.800485661,0.230382051,44.70458461,174.3467864,237.6079224,0.515555556,0.066193289,0.745256333,10.90369189,7.286045389,2.546176778,0.083533667,0.262229389,0.379020667,0.005930056,0.000434,0.1338855,0.001396444
VERD_02,Oreopanax palamophyllus,2932,Oreopanax,palamophyllus,OREPAL,4,0.52,10.38089451,0.282916126,0.334434524,264.7979048,69.92404663,377.7959752,1.64,0.037131033,0.371310333,5.675,5.491333333,2.712051667,0.084053,0.124669333,0.060819667,0.010900667,NA,0.022768667,0.001909667
VERD_02,Palicourea amethystina,2932,Palicourea,amethystina,PALAME,3,0.55,10.17442461,0.0479839,0.25248718,35.01448718,401.1264616,126.3133242,NA,NA,NA,NA,NA,NA,NA,NA,NA,NA,NA,NA,NA
VERD_02,Saurauia tomentosa,2932,Saurauia,tomentosa,SAUTOM,4,0.4106,11.98905825,1.918019284,0.424282738,187.1006191,138.3211636,149.0769947,1.664444445,0.137524689,1.375246889,18.72205755,11.11911555,3.600090111,0.135544556,0.209808222,0.323264444,0.012604222,0.001946834,0.046225778,0.002367333
VERD_02,Turpinia occidentalis,2932,Turpinia,occidentalis,TUROCC,3,0.335,11.60817223,0.244321661,0.310275641,38.97712607,100.3322735,282.3692935,1.824327543,0.081404483,0.814044833,10.85550583,24.0271615,3.450314833,0.038202167,0.109651667,0.525928833,0.004498667,0.000619167,0.016191667,-0.000101
VERD_02,Verbesina lloensis,2932,Verbesina,lloensis,VERLLO,3,0.522423881,9.669941822,0.215228941,0.285679779,188.6390915,310.9381448,78.97036697,2.886091275,0.18586755,1.8586755,24.233091,19.61650667,3.724449833,0.143303833,0.124115667,2.948923,0.008895833,0.001289333,0.290870833,-0.0008515
VERD_02,Weinmannia pinnata,2932,Weinmannia,pinnata,WEIPIN,3,0.611854167,11.9309341,0.433232696,0.220358974,32.82869231,465.2965086,399.5193203,1.872629888,0.102060683,1.020606833,6.935547,5.2415875,2.060676167,0.097328,0.3748145,0.202506,0.010033333,-0.000334667,0.1201245,-0.0004645
VERD_03,Axinaea macrophylla,3109,Axinaea,macrophylla,AXIMAC,3,0.525498386,9.237250396,0.230288167,0.332166667,24.1855641,78.00798858,346.6672315,2.223333334,0.198859517,1.988595167,17.32227967,40.96596467,5.095009334,0.422240833,0.486129834,30.27801333,0.015584167,NA,0.748197167,0.000419
VERD_03,Freziera canescens,3109,Freziera,canescens,FRECAN,3,0.58,13.6833457,0.820610705,0.500358974,46.59905128,50.88689744,332.799641,1.073829665,0.035019533,0.350195333,3.6789475,3.290069333,1.023419167,0.0278925,0.050221167,0.35011,0.002857333,-0.00056,0.030315333,-6.12E-05
VERD_03,Hedyosmum luteynii,3109,Hedyosmum,luteynii,HEDLUT,3,0.45,11.43877806,3.077193933,0.445734615,38.44448803,123.032837,197.8086212,1.242956537,0.056410639,0.564106389,6.307696056,14.39030828,2.833926278,0.064430278,0.200205056,1.682429222,0.012571444,5.93E-05,0.081106222,0.00012575
VERD_03,Ilex andicola,3109,Ilex,andicola,ILEAND,3,0.5627,9.426420047,0.205366698,0.223025641,4.246923077,127.9924872,420.5635531,1.701965047,0.081820283,0.818202833,6.996673333,5.4130055,2.7260915,0.085905,0.212648667,0.142114833,0.0066305,-0.000339167,0.135391833,-0.000423
VERD_03,Miconia theaezans,3109,Miconia,theaezans,MICTHE,4,0.629222222,NA,0.297782927,0.274331197,23.55437981,168.6847158,194.339883,2.268333334,0.112189867,1.121898667,11.51365867,9.763738502,2.128140667,0.149748,0.232702334,0.255511167,0.011326,0.000206333,0.130465,0.00136
VERD_03,Ocotea 1inECPI_VERD_03,3109,Ocotea,1inECPI_VERD_03,OCO1,3,0.539081638,7.509082475,0.080603058,0.329333333,46.73492308,112.0649744,364.4809521,NA,NA,NA,NA,NA,NA,NA,NA,NA,NA,NA,NA,NA
VERD_03,Palicourea amethystina,3109,Palicourea,amethystina,PALAME,3,0.55,6.614955331,0.155802577,0.307269231,31.89997436,170.0713846,184.6004349,NA,NA,NA,NA,NA,NA,NA,NA,NA,NA,NA,NA,NA
VERD_03,Saurauia tomentosa,3109,Saurauia,tomentosa,SAUTOM,3,0.4106,9.746176292,1.597265031,0.538589743,314.1421026,99.54247284,138.731434,NA,NA,NA,NA,NA,NA,NA,NA,NA,NA,NA,NA,NA
VERD_03,Tournefortia fuliginosa,3109,Tournefortia,fuliginosa,TOUFUL,3,0.47,8.398300125,0.189865293,0.458692308,56.24210257,130.6581538,271.2626958,NA,NA,NA,NA,NA,NA,NA,NA,NA,NA,NA,NA,NA
VERD_03,Viburnum triphyllum,3109,Viburnum,triphyllum,VIBTRI,3,0.631,7.210557338,0.10839594,0.236461111,31.76583889,209.7535772,212.2058834,4.045,0.310801184,3.108011834,18.62154434,14.78904117,2.811454833,0.197245667,0.324462167,0.258750333,0.021154,0.001304,0.1555365,0.003041
VERD_03,Weinmannia pinnata,3109,Weinmannia,pinnata,WEIPIN,3,0.611854167,10.86333685,0.53179074,0.228071225,14.27072756,137.1443526,336.8224038,1.590338629,0.06976795,0.6976795,4.900671167,7.372762667,3.4645595,0.056909333,2.0235345,0.2798675,0.005587333,-0.000229833,0.113904833,-0.000373333
YANA_01,Axinaea macrophylla,3507,Axinaea,macrophylla,AXIMAC,3,0.590531064,12.64841117,1.163737028,0.299128205,34.86389744,108.2089487,270.0368802,2.457870607,0.2023594,2.023594,39.199708,18.4165225,3.10563575,0.15477025,0.77435475,5.23983025,0.00615875,0.003076,0.3705805,-0.001199
YANA_01,Brachyotum gleasonii,3507,Brachyotum,gleasonii,BRAGLE,3,0.590531064,9.763361753,0.101390189,0.349747863,10.50994658,198.2638102,179.598597,1.21,0.088518417,1.32777625,9.956918,18.0223755,2.54500325,0.160563,1.380102,9.18284475,0.006812,0.0017545,0.105013,0.004337
YANA_01,Hedyosmum cumbalense,3507,Hedyosmum,cumbalense,HEDCUM,3,0.45,10.82230345,0.204044087,0.395282051,10.18492308,184.6512679,155.2957746,1.36,0.1453742,1.453742,19.69462867,14.739338,4.62709,0.187973333,0.237683667,8.375332333,0.013407333,NA,0.930121333,0.002156
YANA_01,Miconia bracteolata,3507,Miconia,bracteolata,MICBRA,3,0.629222222,15.05585593,4.357581433,0.409692308,14.19672436,94.82242557,240.5809677,1.403888889,0.306884611,3.068846111,40.48199489,31.06536389,4.873013556,0.192017778,0.231946667,10.79659478,0.012006678,0.000985,0.104664445,0.001040167
YANA_01,Miconia corymbiformis,3507,Miconia,corymbiformis,MICCOR,3,0.629222222,10.94250438,2.222456108,0.385492063,157.4016068,89.66120143,243.1530601,1.98041512,0.151175009,1.511750084,20.21793992,7.100374084,2.599364334,0.09530975,0.159134834,1.862778834,0.0147835,0.001631,0.238706917,0.00030375
YANA_01,Solanum hypaleurotrichum,3507,Solanum,hypaleurotrichum,SOLHYP,3,0.411857143,9.93264644,0.128359978,0.26227381,141.5025833,187.5713893,140.9721931,3.086666667,0.116897055,1.323471611,11.91693528,9.750208111,2.903023889,0.160570722,0.190934944,0.219565556,0.011311611,0.001,0.056188667,0.001
YANA_01,Verbesina arborea,3507,Verbesina,arborea,VERARB,4,0.590531064,11.35563604,0.236078907,0.432985234,118.3668932,160.7431729,169.1106773,2.455555556,0.153211344,1.532113444,16.06390444,16.319321,3.330239333,0.273973444,0.255446222,5.677559,0.020777778,0.001876167,0.111910778,0.000894834
